"day","administrative_level_3","0-9","10-19","20-29","30-39","40-49","50-59","60-69","70-79","80+","Total"
2020-02-28,"Šiaulių m.",0,0,0,1,0,0,0,0,0,1
2020-02-28,"Total",0,0,0,1,0,0,0,0,0,1
2020-03-10,"Kauno m.",0,0,0,2,0,0,0,0,0,2
2020-03-10,"Total",0,0,0,2,0,0,0,0,0,2
2020-03-12,"Klaipėdos m.",0,0,0,0,1,0,0,0,0,1
2020-03-12,"Total",0,0,0,0,1,0,0,0,0,1
2020-03-13,"Vilniaus m.",0,0,0,0,1,1,0,0,0,2
2020-03-13,"Total",0,0,0,0,1,1,0,0,0,2
2020-03-14,"Klaipėdos m.",0,0,0,0,1,0,0,0,0,1
2020-03-14,"Kretingos r.",0,0,1,0,0,0,0,0,0,1
2020-03-14,"Panevėžio m.",0,0,0,1,0,0,0,0,0,1
2020-03-14,"Total",0,0,1,1,1,0,0,0,0,3
2020-03-15,"Rietavo",0,0,1,0,0,0,0,0,0,1
2020-03-15,"Vilniaus m.",0,0,1,1,0,0,0,0,0,2
2020-03-15,"Total",0,0,2,1,0,0,0,0,0,3
2020-03-16,"Klaipėdos m.",0,0,0,1,0,0,0,0,0,1
2020-03-16,"Kretingos r.",0,1,0,0,0,0,0,0,0,1
2020-03-16,"Panevėžio r.",0,0,0,0,0,0,1,0,0,1
2020-03-16,"Telšių r.",0,0,0,0,0,1,0,0,0,1
2020-03-16,"Vilniaus m.",0,0,0,0,0,1,0,0,0,1
2020-03-16,"Vilniaus r.",0,0,0,2,0,0,0,0,0,2
2020-03-16,"Total",0,1,0,3,0,2,1,0,0,7
2020-03-17,"Elektrėnų",0,0,0,0,0,1,0,0,0,1
2020-03-17,"Kauno m.",0,0,0,0,1,0,0,1,0,2
2020-03-17,"Prienų r.",0,0,0,0,1,0,0,0,0,1
2020-03-17,"Vilniaus m.",0,0,2,1,1,0,0,0,0,4
2020-03-17,"Total",0,0,2,1,3,1,0,1,0,8
2020-03-18,"Klaipėdos m.",0,0,0,0,1,0,0,0,0,1
2020-03-18,"Klaipėdos r.",0,0,0,0,0,2,0,0,0,2
2020-03-18,"Šiaulių m.",0,0,1,0,0,0,0,0,0,1
2020-03-18,"Vilniaus m.",0,0,1,3,0,1,0,0,0,5
2020-03-18,"Total",0,0,2,3,1,3,0,0,0,9
2020-03-19,"Jonavos r.",0,0,1,0,0,0,0,0,0,1
2020-03-19,"Klaipėdos m.",0,0,0,0,0,1,1,0,0,2
2020-03-19,"Klaipėdos r.",0,0,0,1,0,0,0,0,0,1
2020-03-19,"Ukmergės r.",0,0,0,1,0,0,0,0,0,1
2020-03-19,"Vilniaus m.",0,1,1,1,0,2,0,0,0,5
2020-03-19,"Vilniaus r.",0,0,0,1,0,0,0,0,0,1
2020-03-19,"Total",0,1,2,4,0,3,1,0,0,11
2020-03-20,"Ignalinos r.",0,0,0,0,0,0,2,0,0,2
2020-03-20,"Jonavos r.",0,0,0,1,0,0,0,0,0,1
2020-03-20,"Kauno m.",0,2,2,0,0,0,0,0,0,4
2020-03-20,"Kauno r.",0,0,1,0,0,0,0,0,0,1
2020-03-20,"Klaipėdos m.",0,0,0,0,0,3,0,0,0,3
2020-03-20,"Raseinių r.",0,0,0,0,0,1,0,0,0,1
2020-03-20,"Ukmergės r.",0,0,0,0,0,0,0,0,2,2
2020-03-20,"Vilniaus m.",0,0,4,2,1,1,0,0,0,8
2020-03-20,"Total",0,2,7,3,1,5,2,0,2,22
2020-03-21,"Kauno m.",0,1,1,0,2,2,0,0,0,6
2020-03-21,"Klaipėdos m.",0,0,0,0,1,2,0,0,0,3
2020-03-21,"Klaipėdos r.",0,0,2,0,0,0,0,0,0,2
2020-03-21,"Kretingos r.",0,0,0,0,0,1,0,0,0,1
2020-03-21,"Radviliškio r.",0,0,0,0,0,0,1,0,0,1
2020-03-21,"Trakų r.",0,0,0,1,0,0,1,0,0,2
2020-03-21,"Ukmergės r.",0,0,0,0,0,1,0,0,0,1
2020-03-21,"Vilniaus m.",0,1,3,1,1,4,1,0,0,11
2020-03-21,"Vilniaus r.",0,0,1,0,0,0,0,0,0,1
2020-03-21,"Total",0,2,7,2,4,10,3,0,0,28
2020-03-22,"Biržų r.",0,0,0,1,0,0,0,0,0,1
2020-03-22,"Jonavos r.",0,0,0,0,0,0,1,0,0,1
2020-03-22,"Kauno m.",0,0,1,0,3,1,0,0,0,5
2020-03-22,"Klaipėdos m.",0,1,0,0,0,0,0,0,0,1
2020-03-22,"Marijampolės",0,0,0,1,0,0,0,0,0,1
2020-03-22,"Šiaulių m.",0,0,0,0,0,0,1,0,0,1
2020-03-22,"Švenčionių r.",0,0,0,0,1,0,0,0,0,1
2020-03-22,"Trakų r.",0,0,0,0,1,0,0,0,0,1
2020-03-22,"Ukmergės r.",0,0,1,0,1,2,2,0,0,6
2020-03-22,"Vilkaviškio r.",0,0,0,0,0,1,0,0,0,1
2020-03-22,"Vilniaus m.",0,0,4,0,4,0,4,0,0,12
2020-03-22,"Total",0,1,6,2,10,4,8,0,0,31
2020-03-23,"Alytaus m.",0,0,0,0,1,0,0,0,0,1
2020-03-23,"Joniškio r.",0,0,0,0,0,2,0,0,0,2
2020-03-23,"Kauno m.",0,0,2,1,2,0,0,0,0,5
2020-03-23,"Klaipėdos m.",0,0,0,1,2,1,1,2,0,7
2020-03-23,"Klaipėdos r.",0,0,0,0,1,0,0,0,0,1
2020-03-23,"Palangos m.",0,0,0,0,0,1,0,0,0,1
2020-03-23,"Panevėžio r.",0,0,0,0,1,0,0,0,0,1
2020-03-23,"Šalčininkų r.",0,0,0,0,1,0,0,0,0,1
2020-03-23,"Šiaulių r.",0,0,1,0,0,0,0,0,0,1
2020-03-23,"Ukmergės r.",0,0,1,0,1,1,1,0,0,4
2020-03-23,"Vilniaus m.",1,0,1,3,6,2,1,0,0,14
2020-03-23,"Total",1,0,5,5,15,7,3,2,0,38
2020-03-24,"Biržų r.",1,2,0,1,2,0,1,1,0,8
2020-03-24,"Jonavos r.",0,0,0,0,0,1,0,0,0,1
2020-03-24,"Joniškio r.",0,0,0,0,0,2,0,0,1,3
2020-03-24,"Kauno m.",0,0,1,0,0,0,2,0,0,3
2020-03-24,"Klaipėdos m.",0,0,0,0,0,1,1,0,1,3
2020-03-24,"Klaipėdos r.",0,0,0,1,0,1,0,0,0,2
2020-03-24,"Panevėžio m.",0,0,0,1,0,0,0,0,0,1
2020-03-24,"Šiaulių m.",0,0,0,0,0,1,0,0,0,1
2020-03-24,"Švenčionių r.",0,0,0,0,1,0,0,0,0,1
2020-03-24,"Ukmergės r.",0,0,0,0,1,0,0,1,2,4
2020-03-24,"Vilniaus m.",1,0,8,3,2,0,1,0,0,15
2020-03-24,"Total",2,2,9,6,6,6,5,2,4,42
2020-03-25,"Alytaus m.",0,0,0,1,0,0,1,0,0,2
2020-03-25,"Joniškio r.",0,0,0,0,0,1,0,0,0,1
2020-03-25,"Kauno m.",0,0,0,0,1,1,1,0,0,3
2020-03-25,"Kauno r.",0,0,0,0,0,1,0,0,0,1
2020-03-25,"Klaipėdos m.",0,1,3,0,0,2,3,1,2,12
2020-03-25,"Klaipėdos r.",0,0,0,1,0,2,0,0,0,3
2020-03-25,"Kretingos r.",0,0,0,1,0,0,0,0,0,1
2020-03-25,"Plungės r.",0,0,0,0,1,1,0,0,0,2
2020-03-25,"Šalčininkų r.",0,0,0,0,0,1,0,0,0,1
2020-03-25,"Šilutės r.",0,0,0,0,1,0,0,0,0,1
2020-03-25,"Telšių r.",0,0,0,0,0,0,1,0,0,1
2020-03-25,"Ukmergės r.",0,0,0,0,0,1,0,0,0,1
2020-03-25,"Vilniaus m.",0,0,3,7,4,7,2,0,0,23
2020-03-25,"Vilniaus r.",0,0,1,0,0,0,2,0,0,3
2020-03-25,"Total",0,1,7,10,7,17,10,1,2,55
2020-03-26,"Alytaus m.",0,0,0,1,1,0,0,0,0,2
2020-03-26,"Kauno m.",0,0,1,0,2,1,0,0,0,4
2020-03-26,"Kauno r.",0,0,1,0,1,0,0,0,0,2
2020-03-26,"Klaipėdos m.",0,0,0,0,1,0,1,0,1,3
2020-03-26,"Kretingos r.",0,0,0,0,0,2,0,1,0,3
2020-03-26,"Marijampolės",0,0,0,0,1,0,0,0,0,1
2020-03-26,"Prienų r.",0,0,1,0,0,0,1,0,0,2
2020-03-26,"Radviliškio r.",0,0,0,0,1,0,0,0,0,1
2020-03-26,"Ukmergės r.",0,0,1,0,1,0,0,0,0,2
2020-03-26,"Vilkaviškio r.",0,0,0,0,0,0,0,1,0,1
2020-03-26,"Vilniaus m.",0,1,1,2,3,1,1,0,0,9
2020-03-26,"Total",0,1,5,3,11,4,3,2,1,30
2020-03-27,"Alytaus m.",0,0,0,1,1,1,0,0,0,3
2020-03-27,"Alytaus r.",0,0,0,0,1,0,0,0,0,1
2020-03-27,"Jonavos r.",0,0,0,1,0,0,0,0,0,1
2020-03-27,"Kauno m.",0,1,1,2,0,2,1,0,0,7
2020-03-27,"Kauno r.",0,0,0,1,0,0,0,0,0,1
2020-03-27,"Klaipėdos m.",0,0,0,1,1,0,2,3,5,12
2020-03-27,"Klaipėdos r.",0,0,0,0,0,1,0,1,0,2
2020-03-27,"Mažeikių r.",0,0,0,0,0,1,0,0,0,1
2020-03-27,"Palangos m.",0,0,0,0,0,0,0,0,1,1
2020-03-27,"Panevėžio m.",0,0,0,0,0,2,0,0,0,2
2020-03-27,"Šakių r.",0,0,0,0,0,0,1,0,0,1
2020-03-27,"Šiaulių m.",0,0,0,1,0,0,0,0,0,1
2020-03-27,"Šiaulių r.",0,0,0,0,0,1,0,0,0,1
2020-03-27,"Tauragės r.",0,0,0,1,0,0,0,0,0,1
2020-03-27,"Telšių r.",0,0,1,0,0,0,0,0,0,1
2020-03-27,"Ukmergės r.",0,0,0,0,1,0,0,0,0,1
2020-03-27,"Vilniaus m.",1,0,0,3,2,1,2,0,1,10
2020-03-27,"Total",1,1,2,11,6,9,6,4,7,47
2020-03-28,"Akmenės r.",0,0,0,0,0,0,0,1,0,1
2020-03-28,"Alytaus m.",0,0,0,0,0,0,0,1,0,1
2020-03-28,"Joniškio r.",0,0,0,0,1,0,1,0,0,2
2020-03-28,"Kauno m.",0,1,0,1,0,0,1,0,0,3
2020-03-28,"Klaipėdos m.",0,0,0,1,3,1,0,0,1,6
2020-03-28,"Mažeikių r.",0,0,0,0,0,1,0,1,0,2
2020-03-28,"Panevėžio m.",0,0,0,0,0,0,1,0,0,1
2020-03-28,"Šiaulių m.",1,0,0,1,0,0,0,1,0,3
2020-03-28,"Šiaulių r.",0,0,0,0,0,0,1,0,0,1
2020-03-28,"Šilutės r.",0,0,0,0,0,0,0,0,1,1
2020-03-28,"Skuodo r.",0,0,0,0,0,0,0,1,0,1
2020-03-28,"Telšių r.",0,0,0,0,0,0,1,1,1,3
2020-03-28,"Ukmergės r.",0,0,0,0,0,5,1,1,0,7
2020-03-28,"Utenos r.",0,0,0,1,0,0,0,0,0,1
2020-03-28,"Vilniaus m.",0,0,2,2,1,0,1,0,0,6
2020-03-28,"Total",1,1,2,6,5,7,7,7,3,39
2020-03-29,"Akmenės r.",0,0,0,0,0,1,0,0,0,1
2020-03-29,"Alytaus m.",0,1,0,0,2,0,0,1,0,4
2020-03-29,"Alytaus r.",0,0,0,0,0,1,0,0,0,1
2020-03-29,"Kauno m.",0,0,0,2,0,1,1,0,0,4
2020-03-29,"Kauno r.",0,0,0,1,0,1,0,0,0,2
2020-03-29,"Klaipėdos m.",0,0,4,2,1,0,1,0,1,9
2020-03-29,"Klaipėdos r.",0,0,0,0,0,0,0,0,1,1
2020-03-29,"Pagėgių",0,0,0,0,0,0,1,0,0,1
2020-03-29,"Šilalės r.",0,0,0,0,0,0,0,1,0,1
2020-03-29,"Širvintų r.",0,0,0,0,0,1,0,0,0,1
2020-03-29,"Švenčionių r.",0,0,1,0,0,0,0,0,0,1
2020-03-29,"Tauragės r.",0,0,1,0,0,0,0,0,0,1
2020-03-29,"Ukmergės r.",0,0,0,0,1,3,1,4,2,11
2020-03-29,"Vilniaus m.",0,1,1,1,1,1,0,1,1,7
2020-03-29,"Vilniaus r.",0,0,0,0,0,1,0,0,0,1
2020-03-29,"Total",0,2,7,6,5,10,4,7,5,46
2020-03-30,"Akmenės r.",0,0,0,0,0,0,0,1,0,1
2020-03-30,"Alytaus m.",0,0,0,0,0,1,0,0,0,1
2020-03-30,"Alytaus r.",0,0,0,0,0,1,0,0,0,1
2020-03-30,"Anykščių r.",0,0,0,0,0,1,0,0,0,1
2020-03-30,"Kauno m.",0,0,1,0,0,0,0,0,0,1
2020-03-30,"Kėdainių r.",0,0,0,1,0,0,0,0,0,1
2020-03-30,"Kelmės r.",0,0,0,0,0,1,0,0,0,1
2020-03-30,"Klaipėdos m.",2,1,0,4,4,5,2,0,1,19
2020-03-30,"Klaipėdos r.",0,0,0,0,0,3,0,0,0,3
2020-03-30,"Ukmergės r.",0,0,0,2,0,4,1,1,0,8
2020-03-30,"Vilniaus m.",0,1,2,0,1,0,0,0,0,4
2020-03-30,"Vilniaus r.",0,1,1,0,0,0,1,0,0,3
2020-03-30,"Total",2,3,4,7,5,16,4,2,1,44
2020-03-31,"Kauno m.",0,0,1,0,0,0,0,2,0,3
2020-03-31,"Kauno r.",0,0,1,0,0,0,0,0,0,1
2020-03-31,"Klaipėdos m.",0,1,1,3,2,1,2,0,0,10
2020-03-31,"Klaipėdos r.",0,0,1,0,3,2,0,0,0,6
2020-03-31,"Palangos m.",0,0,0,0,2,0,0,0,0,2
2020-03-31,"Panevėžio m.",0,1,0,0,0,1,0,0,0,2
2020-03-31,"Raseinių r.",0,0,1,0,0,2,0,0,0,3
2020-03-31,"Šilutės r.",0,0,0,0,0,0,1,0,0,1
2020-03-31,"Ukmergės r.",0,0,0,0,0,1,1,0,0,2
2020-03-31,"Vilniaus m.",0,1,3,1,3,2,4,0,0,14
2020-03-31,"Total",0,3,8,4,10,9,8,2,0,44
2020-04-01,"Alytaus m.",0,0,0,1,0,1,0,0,0,2
2020-04-01,"Anykščių r.",0,0,0,0,0,1,0,0,0,1
2020-04-01,"Kaišiadorių r.",0,0,1,0,0,0,0,0,0,1
2020-04-01,"Kauno m.",0,0,0,3,1,0,1,0,0,5
2020-04-01,"Klaipėdos m.",0,0,2,1,1,2,3,1,2,12
2020-04-01,"Klaipėdos r.",0,0,0,0,2,1,0,0,0,3
2020-04-01,"Kretingos r.",0,0,0,0,0,2,2,0,0,4
2020-04-01,"Palangos m.",0,0,0,0,0,1,1,0,0,2
2020-04-01,"Panevėžio m.",0,0,1,1,1,0,0,0,0,3
2020-04-01,"Panevėžio r.",0,0,1,0,0,0,0,0,0,1
2020-04-01,"Plungės r.",0,0,0,0,1,0,0,0,0,1
2020-04-01,"Šakių r.",0,0,0,0,1,0,0,0,0,1
2020-04-01,"Šiaulių m.",0,0,0,0,0,1,0,0,0,1
2020-04-01,"Šiaulių r.",1,0,1,0,0,0,1,0,0,3
2020-04-01,"Tauragės r.",0,0,1,1,0,0,0,0,0,2
2020-04-01,"Ukmergės r.",0,0,0,1,0,2,1,0,1,5
2020-04-01,"Vilniaus m.",0,0,6,7,3,1,0,0,0,17
2020-04-01,"Vilniaus r.",0,0,0,0,1,0,0,1,0,2
2020-04-01,"Visagino m.",0,0,0,0,0,1,0,0,0,1
2020-04-01,"Total",1,0,13,15,11,13,9,2,3,67
2020-04-02,"Alytaus m.",0,0,1,0,1,0,1,0,0,3
2020-04-02,"Anykščių r.",0,0,2,0,0,0,0,0,0,2
2020-04-02,"Jonavos r.",0,0,0,0,2,0,0,0,0,2
2020-04-02,"Joniškio r.",0,0,0,0,0,0,1,0,0,1
2020-04-02,"Kaišiadorių r.",0,0,0,0,0,0,1,0,0,1
2020-04-02,"Kauno m.",0,0,0,0,2,2,1,0,0,5
2020-04-02,"Kauno r.",0,0,1,0,0,0,0,0,0,1
2020-04-02,"Klaipėdos m.",0,0,4,0,0,2,0,0,1,7
2020-04-02,"Klaipėdos r.",0,0,0,0,0,2,0,0,0,2
2020-04-02,"Mažeikių r.",0,0,0,0,0,0,1,0,0,1
2020-04-02,"Palangos m.",0,0,0,0,2,0,0,0,0,2
2020-04-02,"Panevėžio m.",0,0,0,0,0,1,0,0,0,1
2020-04-02,"Panevėžio r.",0,0,0,0,0,0,1,0,0,1
2020-04-02,"Prienų r.",0,0,0,0,0,1,1,0,0,2
2020-04-02,"Radviliškio r.",0,0,0,0,0,1,0,0,0,1
2020-04-02,"Šalčininkų r.",0,0,0,0,0,1,0,0,0,1
2020-04-02,"Šiaulių m.",0,0,0,0,0,0,1,0,0,1
2020-04-02,"Ukmergės r.",0,0,2,1,1,0,0,0,0,4
2020-04-02,"Vilniaus m.",0,1,5,1,3,0,1,0,1,12
2020-04-02,"Vilniaus r.",0,0,0,0,0,0,1,0,0,1
2020-04-02,"Visagino m.",0,0,0,1,0,0,0,0,0,1
2020-04-02,"Total",0,1,15,3,11,10,10,0,2,52
2020-04-03,"Alytaus m.",0,0,1,1,0,0,0,0,0,2
2020-04-03,"Jonavos r.",0,0,0,0,1,0,0,0,0,1
2020-04-03,"Joniškio r.",0,0,2,0,0,1,0,0,0,3
2020-04-03,"Jurbarko r.",0,0,0,0,0,0,1,0,0,1
2020-04-03,"Kauno m.",0,0,1,0,1,0,1,1,0,4
2020-04-03,"Kauno r.",0,0,0,0,0,2,0,0,0,2
2020-04-03,"Klaipėdos m.",0,0,1,0,0,2,1,1,1,6
2020-04-03,"Klaipėdos r.",0,0,1,0,0,0,0,1,0,2
2020-04-03,"Marijampolės",0,0,0,0,0,1,0,0,0,1
2020-04-03,"Mažeikių r.",0,0,0,0,0,0,1,0,1,2
2020-04-03,"Palangos m.",0,0,0,0,0,0,1,0,1,2
2020-04-03,"Plungės r.",0,0,0,0,0,1,0,0,0,1
2020-04-03,"Šiaulių m.",0,0,0,0,0,1,0,0,0,1
2020-04-03,"Šilutės r.",0,0,0,0,0,0,1,0,0,1
2020-04-03,"Telšių r.",0,0,1,0,0,1,0,0,0,2
2020-04-03,"Ukmergės r.",0,0,0,0,2,1,1,1,3,8
2020-04-03,"Vilniaus m.",0,1,2,3,3,1,2,0,0,12
2020-04-03,"Vilniaus r.",0,0,0,0,0,0,1,0,0,1
2020-04-03,"Total",0,1,9,4,7,11,10,4,6,52
2020-04-04,"Kauno m.",0,0,0,0,2,0,0,0,0,2
2020-04-04,"Klaipėdos m.",0,0,1,1,1,2,2,0,0,7
2020-04-04,"Kretingos r.",0,1,0,1,0,1,1,0,0,4
2020-04-04,"Marijampolės",0,0,0,0,0,1,0,0,0,1
2020-04-04,"Panevėžio m.",0,0,0,1,0,0,0,0,0,1
2020-04-04,"Šalčininkų r.",0,0,0,1,1,0,0,0,0,2
2020-04-04,"Širvintų r.",0,0,0,0,0,1,0,1,0,2
2020-04-04,"Tauragės r.",0,0,0,0,1,0,0,0,0,1
2020-04-04,"Ukmergės r.",0,0,0,0,0,0,2,0,2,4
2020-04-04,"Varėnos r.",0,0,0,0,0,0,0,0,1,1
2020-04-04,"Vilniaus m.",0,0,1,2,0,1,1,0,1,6
2020-04-04,"Vilniaus r.",0,0,0,1,0,1,0,0,0,2
2020-04-04,"Total",0,1,2,7,5,7,6,1,4,33
2020-04-05,"Akmenės r.",0,0,0,1,0,0,0,0,0,1
2020-04-05,"Biržų r.",0,0,0,0,1,0,0,0,0,1
2020-04-05,"Joniškio r.",0,0,0,0,0,0,1,1,0,2
2020-04-05,"Kaišiadorių r.",0,0,0,0,0,1,0,0,0,1
2020-04-05,"Kalvarijos",0,0,0,0,0,0,0,0,1,1
2020-04-05,"Klaipėdos m.",0,0,2,2,1,5,0,0,1,11
2020-04-05,"Klaipėdos r.",0,0,0,0,0,0,1,0,0,1
2020-04-05,"Marijampolės",0,0,0,0,1,0,0,2,0,3
2020-04-05,"Panevėžio m.",0,0,1,0,2,0,0,0,0,3
2020-04-05,"Širvintų r.",0,0,0,0,0,1,0,0,0,1
2020-04-05,"Ukmergės r.",0,0,0,0,0,1,0,0,0,1
2020-04-05,"Vilniaus m.",2,0,2,1,0,0,1,1,0,7
2020-04-05,"Visagino m.",0,0,0,0,0,1,0,0,0,1
2020-04-05,"Total",2,0,5,4,5,9,3,4,2,34
2020-04-06,"Alytaus r.",0,0,0,0,0,0,1,0,0,1
2020-04-06,"Kauno m.",0,1,1,0,1,0,0,0,0,3
2020-04-06,"Klaipėdos m.",0,0,0,2,0,0,0,0,0,2
2020-04-06,"Marijampolės",0,0,0,0,2,0,1,0,2,5
2020-04-06,"Molėtų r.",0,0,0,0,0,1,0,0,0,1
2020-04-06,"Panevėžio m.",0,0,1,0,0,0,0,0,0,1
2020-04-06,"Pasvalio r.",0,0,0,0,0,0,0,1,0,1
2020-04-06,"Plungės r.",0,0,1,0,0,0,0,0,0,1
2020-04-06,"Šakių r.",0,0,0,0,0,0,1,0,0,1
2020-04-06,"Ukmergės r.",0,0,0,2,0,2,0,1,0,5
2020-04-06,"Vilniaus m.",0,0,3,3,4,0,0,0,0,10
2020-04-06,"Vilniaus r.",0,0,2,0,0,0,0,0,0,2
2020-04-06,"Total",0,1,8,7,7,3,3,2,2,33
2020-04-07,"Alytaus m.",0,0,0,0,0,1,0,1,0,2
2020-04-07,"Alytaus r.",0,0,0,0,0,0,1,0,0,1
2020-04-07,"Jurbarko r.",0,0,0,0,0,1,0,0,0,1
2020-04-07,"Kauno m.",0,1,1,0,0,2,0,0,0,4
2020-04-07,"Kazlų Rūdos",0,0,0,0,0,0,0,0,1,1
2020-04-07,"Klaipėdos m.",0,0,1,0,0,3,1,1,0,6
2020-04-07,"Klaipėdos r.",0,0,0,0,0,1,1,0,0,2
2020-04-07,"Kretingos r.",0,0,0,0,0,1,0,0,0,1
2020-04-07,"Marijampolės",0,0,0,0,1,8,1,1,1,12
2020-04-07,"Panevėžio m.",0,0,1,0,0,0,0,0,0,1
2020-04-07,"Tauragės r.",0,1,0,0,0,0,0,0,0,1
2020-04-07,"Ukmergės r.",0,0,0,0,0,0,1,0,0,1
2020-04-07,"Vilniaus m.",0,0,2,0,2,0,0,0,0,4
2020-04-07,"Vilniaus r.",0,0,0,0,0,1,0,0,0,1
2020-04-07,"Total",0,2,5,0,3,18,5,3,2,38
2020-04-08,"Alytaus m.",0,0,0,0,1,0,0,0,0,1
2020-04-08,"Kauno r.",0,0,0,1,0,0,0,0,0,1
2020-04-08,"Klaipėdos m.",2,0,1,0,1,2,1,1,1,9
2020-04-08,"Klaipėdos r.",0,0,0,1,0,0,1,0,0,2
2020-04-08,"Marijampolės",0,0,0,1,0,0,2,0,0,3
2020-04-08,"Raseinių r.",0,0,0,0,0,0,0,0,1,1
2020-04-08,"Šiaulių r.",0,0,1,0,0,0,0,0,0,1
2020-04-08,"Šilalės r.",0,0,0,0,0,0,1,0,0,1
2020-04-08,"Ukmergės r.",0,0,0,0,0,1,0,0,1,2
2020-04-08,"Vilkaviškio r.",0,0,1,0,0,0,0,0,0,1
2020-04-08,"Vilniaus m.",0,2,1,2,3,1,1,1,0,11
2020-04-08,"Vilniaus r.",1,0,0,2,1,0,0,0,0,4
2020-04-08,"Total",3,2,4,7,6,4,6,2,3,37
2020-04-09,"Akmenės r.",0,0,0,0,1,0,0,0,0,1
2020-04-09,"Klaipėdos m.",0,0,3,1,4,0,2,0,1,11
2020-04-09,"Klaipėdos r.",0,0,1,0,0,0,0,1,0,2
2020-04-09,"Marijampolės",0,0,2,0,2,4,1,1,1,11
2020-04-09,"Panevėžio m.",0,1,0,0,0,0,0,0,0,1
2020-04-09,"Raseinių r.",0,0,0,0,0,0,0,0,1,1
2020-04-09,"Šiaulių r.",0,0,0,0,0,0,1,0,0,1
2020-04-09,"Vilkaviškio r.",0,0,0,0,0,0,0,1,0,1
2020-04-09,"Vilniaus m.",0,0,3,1,0,0,0,0,0,4
2020-04-09,"Vilniaus r.",0,0,0,1,3,0,1,0,0,5
2020-04-09,"Total",0,1,9,3,10,4,5,3,3,38
2020-04-10,"Kauno m.",0,0,1,1,0,0,0,1,0,3
2020-04-10,"Klaipėdos m.",0,0,0,2,2,1,1,2,1,9
2020-04-10,"Klaipėdos r.",0,0,0,1,0,0,0,0,0,1
2020-04-10,"Kretingos r.",0,1,0,0,0,0,0,0,0,1
2020-04-10,"Marijampolės",0,0,0,0,1,1,0,0,0,2
2020-04-10,"Panevėžio r.",0,0,0,0,0,0,1,0,0,1
2020-04-10,"Šilutės r.",0,0,0,0,0,1,0,0,0,1
2020-04-10,"Ukmergės r.",0,0,0,0,0,2,0,0,0,2
2020-04-10,"Vilniaus m.",0,0,0,0,2,3,0,1,1,7
2020-04-10,"Vilniaus r.",0,0,1,1,1,0,0,0,0,3
2020-04-10,"Total",0,1,2,5,6,8,2,4,2,30
2020-04-11,"Kalvarijos",0,0,0,0,1,0,0,0,0,1
2020-04-11,"Kauno m.",0,0,0,0,0,2,0,0,0,2
2020-04-11,"Klaipėdos m.",0,0,0,0,1,0,2,1,1,5
2020-04-11,"Marijampolės",0,0,1,0,0,0,1,1,0,3
2020-04-11,"Šiaulių r.",0,0,0,0,0,1,0,0,0,1
2020-04-11,"Šilalės r.",0,0,0,0,0,0,1,0,0,1
2020-04-11,"Ukmergės r.",0,0,0,1,0,0,0,0,0,1
2020-04-11,"Vilniaus m.",0,2,0,0,1,2,0,0,0,5
2020-04-11,"Vilniaus r.",0,0,1,0,3,1,2,0,0,7
2020-04-11,"Total",0,2,2,1,6,6,6,2,1,26
2020-04-12,"Kauno r.",0,0,1,0,0,1,0,0,0,2
2020-04-12,"Klaipėdos m.",0,0,0,0,0,0,1,1,2,4
2020-04-12,"Klaipėdos r.",0,2,1,0,1,0,0,0,0,4
2020-04-12,"Marijampolės",0,0,0,0,0,0,0,0,1,1
2020-04-12,"Rietavo",1,0,2,0,0,0,0,0,0,3
2020-04-12,"Šiaulių r.",0,0,0,1,0,0,0,0,0,1
2020-04-12,"Švenčionių r.",0,0,0,0,0,0,1,0,0,1
2020-04-12,"Vilniaus m.",0,0,0,0,1,0,0,0,0,1
2020-04-12,"Vilniaus r.",0,0,0,0,0,1,0,0,0,1
2020-04-12,"Total",1,2,4,1,2,2,2,1,3,18
2020-04-13,"Klaipėdos m.",0,0,0,0,0,1,1,0,1,3
2020-04-13,"Vilkaviškio r.",0,0,0,0,0,1,0,0,0,1
2020-04-13,"Vilniaus r.",0,0,0,0,1,2,0,0,0,3
2020-04-13,"Total",0,0,0,0,1,4,1,0,1,7
2020-04-14,"Kalvarijos",0,0,0,0,1,0,0,0,0,1
2020-04-14,"Kauno m.",0,0,0,0,0,1,0,0,0,1
2020-04-14,"Klaipėdos m.",0,0,0,1,0,2,0,0,1,4
2020-04-14,"Lazdijų r.",0,0,0,0,0,0,0,1,0,1
2020-04-14,"Marijampolės",0,0,0,0,0,2,0,0,0,2
2020-04-14,"Panevėžio r.",0,0,1,0,0,0,0,1,0,2
2020-04-14,"Šalčininkų r.",0,0,0,1,0,0,0,0,0,1
2020-04-14,"Utenos r.",0,0,1,0,0,0,0,0,0,1
2020-04-14,"Vilniaus m.",0,0,0,0,0,1,0,1,0,2
2020-04-14,"Vilniaus r.",0,0,0,0,2,0,1,0,0,3
2020-04-14,"Total",0,0,2,2,3,6,1,3,1,18
2020-04-15,"Alytaus m.",0,0,0,0,0,1,0,0,0,1
2020-04-15,"Kauno r.",0,0,0,0,0,0,0,0,1,1
2020-04-15,"Kazlų Rūdos",0,0,0,0,0,0,0,0,1,1
2020-04-15,"Klaipėdos m.",0,0,0,0,3,1,1,0,0,5
2020-04-15,"Klaipėdos r.",0,0,0,0,0,0,1,0,2,3
2020-04-15,"Marijampolės",0,0,0,0,0,0,1,0,0,1
2020-04-15,"Šalčininkų r.",0,0,0,1,0,0,0,0,0,1
2020-04-15,"Širvintų r.",0,0,0,0,1,0,0,0,0,1
2020-04-15,"Švenčionių r.",0,0,0,0,0,0,1,0,0,1
2020-04-15,"Vilkaviškio r.",0,0,0,0,0,1,0,0,0,1
2020-04-15,"Vilniaus m.",1,0,0,0,1,1,0,0,0,3
2020-04-15,"Vilniaus r.",0,1,1,2,4,0,0,0,0,8
2020-04-15,"Total",1,1,1,3,9,4,4,0,4,27
2020-04-16,"Alytaus m.",0,0,0,0,0,0,0,1,0,1
2020-04-16,"Klaipėdos m.",0,0,1,0,1,1,0,0,2,5
2020-04-16,"Klaipėdos r.",0,0,0,0,0,1,0,0,0,1
2020-04-16,"Marijampolės",0,0,0,0,0,3,1,0,0,4
2020-04-16,"Panevėžio m.",0,0,0,1,0,0,0,0,0,1
2020-04-16,"Plungės r.",0,0,0,0,0,0,0,0,1,1
2020-04-16,"Ukmergės r.",0,0,0,0,0,1,0,0,0,1
2020-04-16,"Vilniaus m.",0,0,0,0,2,0,0,1,0,3
2020-04-16,"Vilniaus r.",1,1,0,2,3,2,1,1,0,11
2020-04-16,"Total",1,1,1,3,6,8,2,3,3,28
2020-04-17,"Elektrėnų",0,0,0,1,1,0,0,0,0,2
2020-04-17,"Joniškio r.",0,0,0,0,0,0,1,0,0,1
2020-04-17,"Klaipėdos m.",0,0,1,0,0,1,1,0,0,3
2020-04-17,"Klaipėdos r.",0,0,1,0,0,0,0,0,0,1
2020-04-17,"Kretingos r.",0,0,0,0,0,1,0,0,1,2
2020-04-17,"Marijampolės",0,0,0,0,0,2,2,1,0,5
2020-04-17,"Palangos m.",0,0,0,1,0,0,0,0,0,1
2020-04-17,"Pasvalio r.",0,0,1,0,0,0,0,0,0,1
2020-04-17,"Širvintų r.",0,0,0,0,0,1,0,0,0,1
2020-04-17,"Utenos r.",0,0,0,0,0,0,1,0,0,1
2020-04-17,"Vilniaus m.",0,0,0,2,1,0,2,0,0,5
2020-04-17,"Vilniaus r.",0,2,1,3,2,7,2,1,0,18
2020-04-17,"Total",0,2,4,7,4,12,9,2,1,41
2020-04-18,"Alytaus m.",0,0,0,0,1,0,0,0,0,1
2020-04-18,"Ignalinos r.",0,0,0,0,0,0,0,0,1,1
2020-04-18,"Kalvarijos",0,0,0,0,0,1,0,0,0,1
2020-04-18,"Kauno r.",0,0,0,0,1,0,0,0,0,1
2020-04-18,"Klaipėdos m.",0,0,1,0,3,1,4,11,15,35
2020-04-18,"Klaipėdos r.",0,1,0,0,0,1,0,0,0,2
2020-04-18,"Marijampolės",0,0,0,0,1,0,1,1,1,4
2020-04-18,"Širvintų r.",0,0,1,0,0,0,0,0,0,1
2020-04-18,"Skuodo r.",0,0,0,0,1,0,0,0,0,1
2020-04-18,"Ukmergės r.",0,0,0,0,0,0,0,1,0,1
2020-04-18,"Vilniaus m.",0,0,0,2,0,1,1,0,0,4
2020-04-18,"Vilniaus r.",0,0,1,0,4,3,3,0,0,11
2020-04-18,"Total",0,1,3,2,11,7,9,13,17,63
2020-04-19,"Kauno m.",0,0,0,0,0,1,0,0,0,1
2020-04-19,"Kelmės r.",0,0,0,0,0,0,0,0,1,1
2020-04-19,"Klaipėdos m.",0,0,1,0,0,0,0,0,1,2
2020-04-19,"Klaipėdos r.",0,0,0,0,0,0,0,0,1,1
2020-04-19,"Kretingos r.",0,1,0,0,0,0,0,1,0,2
2020-04-19,"Marijampolės",0,0,0,0,0,3,1,0,1,5
2020-04-19,"Panevėžio m.",0,0,0,0,0,0,1,0,0,1
2020-04-19,"Šilutės r.",0,0,0,0,0,0,0,1,0,1
2020-04-19,"Vilniaus m.",0,0,1,0,0,0,0,0,0,1
2020-04-19,"Vilniaus r.",0,0,0,2,2,0,2,0,0,6
2020-04-19,"Total",0,1,2,2,2,4,4,2,4,21
2020-04-20,"Jonavos r.",0,0,0,0,0,0,1,0,0,1
2020-04-20,"Klaipėdos m.",0,0,0,0,0,2,0,0,0,2
2020-04-20,"Kretingos r.",0,0,0,0,1,0,0,0,0,1
2020-04-20,"Marijampolės",0,0,0,0,0,1,1,1,1,4
2020-04-20,"Molėtų r.",0,0,0,0,1,0,0,0,0,1
2020-04-20,"Rietavo",0,1,0,0,0,1,0,0,0,2
2020-04-20,"Šiaulių m.",0,0,0,0,0,1,0,0,0,1
2020-04-20,"Telšių r.",0,0,0,1,0,0,0,0,0,1
2020-04-20,"Vilniaus m.",0,0,1,1,2,1,1,0,0,6
2020-04-20,"Vilniaus r.",0,1,3,10,8,8,3,1,0,34
2020-04-20,"Total",0,2,4,12,12,14,6,2,1,53
2020-04-21,"Kauno m.",0,0,0,0,1,0,0,0,0,1
2020-04-21,"Kauno r.",0,0,0,0,0,1,0,0,0,1
2020-04-21,"Klaipėdos m.",0,0,1,0,0,0,2,0,0,3
2020-04-21,"Klaipėdos r.",0,0,0,0,0,0,1,0,0,1
2020-04-21,"Marijampolės",0,0,0,0,0,1,0,0,0,1
2020-04-21,"Panevėžio m.",0,0,0,1,0,0,0,0,0,1
2020-04-21,"Tauragės r.",0,0,0,1,0,0,0,0,0,1
2020-04-21,"Vilniaus m.",0,0,1,1,1,0,0,0,0,3
2020-04-21,"Vilniaus r.",0,0,2,3,4,1,2,0,0,12
2020-04-21,"Total",0,0,4,6,6,3,5,0,0,24
2020-04-22,"Alytaus m.",0,0,0,1,0,0,0,0,0,1
2020-04-22,"Anykščių r.",0,0,0,0,0,1,0,0,0,1
2020-04-22,"Klaipėdos m.",0,0,0,0,1,0,0,0,0,1
2020-04-22,"Marijampolės",0,0,0,0,1,0,0,0,0,1
2020-04-22,"Rokiškio r.",0,0,1,0,1,1,0,0,0,3
2020-04-22,"Švenčionių r.",0,0,0,0,0,1,1,1,0,3
2020-04-22,"Vilniaus m.",0,0,0,0,1,1,1,0,0,3
2020-04-22,"Vilniaus r.",0,1,2,2,0,2,2,1,0,10
2020-04-22,"Total",0,1,3,3,4,6,4,2,0,23
2020-04-23,"Kauno m.",0,0,1,0,0,0,0,0,0,1
2020-04-23,"Klaipėdos m.",0,0,0,0,0,0,0,1,0,1
2020-04-23,"Klaipėdos r.",0,0,0,0,0,0,1,0,0,1
2020-04-23,"Marijampolės",0,0,0,0,0,0,1,0,0,1
2020-04-23,"Vilniaus r.",0,1,1,2,2,3,1,3,1,14
2020-04-23,"Zarasų r.",0,0,0,0,1,0,0,0,0,1
2020-04-23,"Total",0,1,2,2,3,3,3,4,1,19
2020-04-24,"Kauno m.",0,0,0,0,1,0,0,0,0,1
2020-04-24,"Klaipėdos m.",0,1,0,0,3,0,0,0,0,4
2020-04-24,"Molėtų r.",0,0,0,0,0,0,1,0,0,1
2020-04-24,"Vilniaus m.",0,0,0,0,0,1,0,0,0,1
2020-04-24,"Vilniaus r.",0,0,0,0,0,2,0,1,0,3
2020-04-24,"Total",0,1,0,0,4,3,1,1,0,10
2020-04-25,"Anykščių r.",0,0,0,0,0,0,1,0,0,1
2020-04-25,"Kalvarijos",0,0,0,0,0,0,0,0,1,1
2020-04-25,"Kauno m.",0,0,0,0,0,2,0,0,0,2
2020-04-25,"Klaipėdos m.",0,0,0,0,1,1,0,0,1,3
2020-04-25,"Šilutės r.",0,0,0,0,0,1,0,0,0,1
2020-04-25,"Vilniaus m.",0,0,1,0,1,0,0,0,0,2
2020-04-25,"Vilniaus r.",0,0,2,0,0,0,0,3,0,5
2020-04-25,"Total",0,0,3,0,2,4,1,3,2,15
2020-04-26,"Kauno r.",0,0,0,0,0,1,0,0,0,1
2020-04-26,"Klaipėdos m.",0,0,0,0,0,0,0,1,0,1
2020-04-26,"Marijampolės",0,0,0,0,0,0,1,0,1,2
2020-04-26,"Pasvalio r.",0,0,0,0,0,0,1,0,0,1
2020-04-26,"Vilniaus m.",0,1,0,0,0,1,0,0,0,2
2020-04-26,"Vilniaus r.",0,0,3,0,2,0,0,0,0,5
2020-04-26,"Total",0,1,3,0,2,2,2,1,1,12
2020-04-27,"Klaipėdos m.",0,0,0,0,1,0,0,0,0,1
2020-04-27,"Kretingos r.",0,0,0,0,0,0,0,0,1,1
2020-04-27,"Trakų r.",0,0,0,0,0,0,1,0,0,1
2020-04-27,"Vilkaviškio r.",0,0,1,0,0,0,0,0,0,1
2020-04-27,"Vilniaus m.",0,0,0,0,1,0,0,0,0,1
2020-04-27,"Vilniaus r.",0,0,1,0,1,1,1,0,0,4
2020-04-27,"Total",0,0,2,0,3,1,2,0,1,9
2020-04-28,"Kretingos r.",0,0,0,0,0,2,1,3,15,21
2020-04-28,"Širvintų r.",0,0,0,0,0,0,0,0,1,1
2020-04-28,"Švenčionių r.",0,0,1,0,0,0,0,0,0,1
2020-04-28,"Telšių r.",0,0,0,1,0,0,0,0,0,1
2020-04-28,"Vilniaus m.",0,0,0,0,1,0,0,0,0,1
2020-04-28,"Vilniaus r.",0,0,0,0,2,0,0,0,0,2
2020-04-28,"Total",0,0,1,1,3,2,1,3,16,27
2020-04-29,"Alytaus r.",0,0,0,0,1,0,1,0,0,2
2020-04-29,"Klaipėdos m.",0,0,0,0,0,0,0,0,1,1
2020-04-29,"Kretingos r.",0,0,1,0,0,2,1,1,1,6
2020-04-29,"Vilniaus m.",0,0,0,0,0,1,0,0,0,1
2020-04-29,"Vilniaus r.",0,0,0,0,1,0,0,0,0,1
2020-04-29,"Total",0,0,1,0,2,3,2,1,2,11
2020-04-30,"Lazdijų r.",0,0,0,1,0,0,0,0,0,1
2020-04-30,"Marijampolės",0,0,0,0,0,0,1,0,0,1
2020-04-30,"Vilniaus m.",0,0,0,0,0,0,2,2,7,11
2020-04-30,"Vilniaus r.",0,0,0,0,1,0,0,0,0,1
2020-04-30,"Total",0,0,0,1,1,0,3,2,7,14
2020-05-01,"Klaipėdos m.",0,0,0,0,0,0,2,0,0,2
2020-05-01,"Klaipėdos r.",0,0,0,0,0,1,0,0,0,1
2020-05-01,"Ukmergės r.",0,0,0,0,1,0,0,0,0,1
2020-05-01,"Vilniaus r.",0,0,0,0,0,0,1,0,0,1
2020-05-01,"Total",0,0,0,0,1,1,3,0,0,5
2020-05-02,"Kauno r.",0,1,0,0,0,0,0,0,0,1
2020-05-02,"Klaipėdos m.",0,0,0,0,0,0,1,0,0,1
2020-05-02,"Kretingos r.",0,0,0,0,0,1,0,0,0,1
2020-05-02,"Pasvalio r.",0,0,0,0,0,0,1,0,0,1
2020-05-02,"Vilniaus m.",0,0,0,0,0,0,0,1,0,1
2020-05-02,"Total",0,1,0,0,0,1,2,1,0,5
2020-05-03,"Šalčininkų r.",0,0,0,0,0,0,0,0,1,1
2020-05-03,"Šiaulių m.",0,0,0,0,0,1,0,0,0,1
2020-05-03,"Trakų r.",0,0,0,0,0,1,0,0,0,1
2020-05-03,"Vilniaus m.",0,0,0,0,0,1,0,2,1,4
2020-05-03,"Vilniaus r.",0,0,0,0,0,0,0,0,1,1
2020-05-03,"Total",0,0,0,0,0,3,0,2,3,8
2020-05-04,"Kauno m.",0,0,0,0,0,0,0,1,0,1
2020-05-04,"Vilniaus m.",0,0,0,0,1,1,0,0,0,2
2020-05-04,"Total",0,0,0,0,1,1,0,1,0,3
2020-05-05,"Kauno m.",0,0,0,0,0,0,0,2,0,2
2020-05-05,"Kauno r.",0,0,0,0,0,1,0,0,0,1
2020-05-05,"Klaipėdos r.",0,0,0,0,0,1,0,0,0,1
2020-05-05,"Vilniaus m.",0,0,0,0,0,1,1,0,0,2
2020-05-05,"Total",0,0,0,0,0,3,1,2,0,6
2020-05-06,"Kauno m.",0,0,0,0,0,0,0,0,1,1
2020-05-06,"Kauno r.",0,0,0,0,0,1,0,0,0,1
2020-05-06,"Utenos r.",0,0,0,0,1,0,0,0,0,1
2020-05-06,"Vilniaus m.",0,0,0,2,0,0,0,0,0,2
2020-05-06,"Total",0,0,0,2,1,1,0,0,1,5
2020-05-07,"Kazlų Rūdos",0,0,0,0,0,0,0,0,1,1
2020-05-07,"Klaipėdos r.",0,0,0,0,0,1,0,0,0,1
2020-05-07,"Kretingos r.",0,0,0,0,0,0,0,1,1,2
2020-05-07,"Mažeikių r.",0,0,1,0,0,0,0,0,0,1
2020-05-07,"Tauragės r.",0,0,0,0,0,1,0,0,0,1
2020-05-07,"Vilniaus r.",0,0,0,0,0,3,0,0,0,3
2020-05-07,"Total",0,0,1,0,0,5,0,1,2,9
2020-05-08,"Kauno m.",0,0,0,0,0,0,0,0,1,1
2020-05-08,"Kretingos r.",0,0,0,0,0,2,2,0,0,4
2020-05-08,"Vilniaus m.",0,0,0,1,0,1,0,5,6,13
2020-05-08,"Vilniaus r.",0,0,2,2,1,3,2,1,0,11
2020-05-08,"Total",0,0,2,3,1,6,4,6,7,29
2020-05-09,"Palangos m.",0,0,0,0,0,0,0,0,1,1
2020-05-09,"Vilniaus m.",0,0,0,1,1,2,2,1,3,10
2020-05-09,"Vilniaus r.",0,0,0,0,1,0,0,0,0,1
2020-05-09,"Total",0,0,0,1,2,2,2,1,4,12
2020-05-10,"Klaipėdos m.",0,1,0,0,0,0,0,0,1,2
2020-05-10,"Neringos",0,0,0,0,0,0,1,0,0,1
2020-05-10,"Šiaulių r.",0,0,0,0,0,1,0,0,0,1
2020-05-10,"Vilniaus m.",0,0,0,0,0,1,1,0,1,3
2020-05-10,"Vilniaus r.",0,0,0,0,0,0,1,0,0,1
2020-05-10,"Total",0,1,0,0,0,2,3,0,2,8
2020-05-11,"Klaipėdos m.",0,0,0,0,1,0,0,0,0,1
2020-05-11,"Plungės r.",0,0,0,0,0,0,1,0,0,1
2020-05-11,"Vilniaus m.",0,0,0,0,0,2,1,1,1,5
2020-05-11,"Vilniaus r.",0,0,0,0,0,1,0,0,1,2
2020-05-11,"Total",0,0,0,0,1,3,2,1,2,9
2020-05-12,"Kauno m.",0,0,1,0,0,0,0,0,0,1
2020-05-12,"Klaipėdos m.",0,0,0,1,0,0,0,0,0,1
2020-05-12,"Švenčionių r.",0,0,0,0,0,0,0,1,0,1
2020-05-12,"Vilniaus m.",0,1,0,0,1,2,0,1,2,7
2020-05-12,"Vilniaus r.",0,0,0,0,0,3,1,0,0,4
2020-05-12,"Total",0,1,1,1,1,5,1,2,2,14
2020-05-13,"Klaipėdos m.",0,1,1,0,0,0,1,0,0,3
2020-05-13,"Kretingos r.",0,0,0,0,0,1,0,0,0,1
2020-05-13,"Vilniaus m.",0,0,2,1,0,0,0,0,0,3
2020-05-13,"Vilniaus r.",0,0,0,0,0,0,1,1,0,2
2020-05-13,"Total",0,1,3,1,0,1,2,1,0,9
2020-05-14,"Šalčininkų r.",0,0,0,0,0,1,0,0,0,1
2020-05-14,"Vilniaus m.",0,0,0,1,1,1,0,0,3,6
2020-05-14,"Vilniaus r.",1,0,0,0,0,0,0,2,0,3
2020-05-14,"Total",1,0,0,1,1,2,0,2,3,10
2020-05-15,"Elektrėnų",0,0,0,0,1,0,0,0,0,1
2020-05-15,"Klaipėdos m.",0,0,1,0,0,0,0,0,0,1
2020-05-15,"Šalčininkų r.",0,0,0,0,0,0,1,0,0,1
2020-05-15,"Vilniaus m.",0,1,0,1,1,3,2,0,3,11
2020-05-15,"Vilniaus r.",0,0,0,0,1,0,0,0,0,1
2020-05-15,"Total",0,1,1,1,3,3,3,0,3,15
2020-05-16,"Elektrėnų",0,0,1,0,1,0,0,0,0,2
2020-05-16,"Kauno m.",0,0,1,0,0,0,0,0,0,1
2020-05-16,"Klaipėdos m.",0,0,1,0,0,0,0,0,0,1
2020-05-16,"Vilniaus m.",0,0,0,0,1,2,1,0,0,4
2020-05-16,"Vilniaus r.",0,0,0,0,1,0,0,0,0,1
2020-05-16,"Total",0,0,3,0,3,2,1,0,0,9
2020-05-17,"Kauno m.",0,0,2,0,1,0,1,0,0,4
2020-05-17,"Vilniaus m.",0,0,0,0,1,0,0,1,0,2
2020-05-17,"Total",0,0,2,0,2,0,1,1,0,6
2020-05-18,"Kauno m.",0,0,0,0,1,0,0,0,0,1
2020-05-18,"Vilniaus m.",0,0,0,0,0,1,1,0,1,3
2020-05-18,"Vilniaus r.",0,1,0,1,1,1,0,0,0,4
2020-05-18,"Total",0,1,0,1,2,2,1,0,1,8
2020-05-19,"Klaipėdos m.",0,0,0,0,0,0,0,1,0,1
2020-05-19,"Kretingos r.",0,0,0,0,0,0,1,0,0,1
2020-05-19,"Vilniaus m.",0,0,1,1,4,5,2,1,0,14
2020-05-19,"Vilniaus r.",0,0,0,1,1,3,0,0,0,5
2020-05-19,"Total",0,0,1,2,5,8,3,2,0,21
2020-05-20,"Klaipėdos m.",0,0,0,0,0,0,1,0,0,1
2020-05-20,"Panevėžio r.",0,0,0,0,0,1,0,0,0,1
2020-05-20,"Vilniaus m.",0,0,2,0,1,1,1,2,0,7
2020-05-20,"Vilniaus r.",1,1,0,1,0,0,0,0,0,3
2020-05-20,"Total",1,1,2,1,1,2,2,2,0,12
2020-05-21,"Kauno m.",0,0,0,0,0,1,0,0,0,1
2020-05-21,"Vilniaus m.",0,0,0,1,0,0,1,0,1,3
2020-05-21,"Vilniaus r.",0,0,0,0,0,0,1,1,0,2
2020-05-21,"Total",0,0,0,1,0,1,2,1,1,6
2020-05-22,"Klaipėdos m.",0,0,0,0,0,0,1,0,0,1
2020-05-22,"Šiaulių m.",0,0,0,0,1,0,0,0,0,1
2020-05-22,"Tauragės r.",0,0,1,0,0,0,0,0,0,1
2020-05-22,"Vilniaus m.",0,0,0,0,1,3,4,0,0,8
2020-05-22,"Vilniaus r.",0,0,0,0,0,2,1,0,0,3
2020-05-22,"Total",0,0,1,0,2,5,6,0,0,14
2020-05-23,"Vilniaus m.",0,0,1,0,2,1,0,0,1,5
2020-05-23,"Vilniaus r.",0,0,1,0,0,0,0,0,0,1
2020-05-23,"Total",0,0,2,0,2,1,0,0,1,6
2020-05-24,"Lazdijų r.",0,0,0,0,0,2,0,0,0,2
2020-05-24,"Vilniaus m.",1,0,1,1,0,0,0,0,1,4
2020-05-24,"Vilniaus r.",0,1,0,1,1,0,1,0,0,4
2020-05-24,"Total",1,1,1,2,1,2,1,0,1,10
2020-05-25,"Kauno m.",0,0,0,0,0,0,1,0,0,1
2020-05-25,"Šalčininkų r.",0,0,0,0,1,0,0,0,0,1
2020-05-25,"Vilniaus m.",0,0,0,0,0,2,0,0,0,2
2020-05-25,"Total",0,0,0,0,1,2,1,0,0,4
2020-05-26,"Šalčininkų r.",0,0,1,0,0,0,0,0,0,1
2020-05-26,"Vilniaus m.",0,0,2,1,1,1,0,0,0,5
2020-05-26,"Vilniaus r.",1,0,0,1,0,0,0,0,0,2
2020-05-26,"Total",1,0,3,2,1,1,0,0,0,8
2020-05-27,"Kauno m.",0,0,1,0,0,0,0,0,0,1
2020-05-27,"Lazdijų r.",0,0,1,0,0,0,0,0,0,1
2020-05-27,"Vilniaus m.",0,0,1,0,0,1,0,0,0,2
2020-05-27,"Vilniaus r.",1,2,0,1,0,1,0,0,0,5
2020-05-27,"Total",1,2,3,1,0,2,0,0,0,9
2020-05-28,"Vilniaus m.",0,0,0,0,0,2,0,0,2,4
2020-05-28,"Vilniaus r.",0,0,0,0,0,1,0,0,0,1
2020-05-28,"Total",0,0,0,0,0,3,0,0,2,5
2020-05-29,"Ignalinos r.",0,0,0,0,0,1,0,0,0,1
2020-05-29,"Plungės r.",0,0,0,0,0,1,0,0,0,1
2020-05-29,"Utenos r.",0,0,1,0,0,0,0,0,0,1
2020-05-29,"Vilniaus m.",0,0,0,1,0,0,2,1,0,4
2020-05-29,"Vilniaus r.",0,0,0,0,0,0,1,0,0,1
2020-05-29,"Total",0,0,1,1,0,2,3,1,0,8
2020-05-30,"Klaipėdos r.",0,0,0,0,0,1,0,0,0,1
2020-05-30,"Skuodo r.",0,0,0,1,0,0,0,0,0,1
2020-05-30,"Vilniaus m.",0,0,0,0,0,1,0,0,0,1
2020-05-30,"Vilniaus r.",0,1,1,0,0,0,0,0,0,2
2020-05-30,"Total",0,1,1,1,0,2,0,0,0,5
2020-05-31,"Vilniaus r.",0,0,0,1,0,1,2,0,0,4
2020-05-31,"Total",0,0,0,1,0,1,2,0,0,4
2020-06-01,"Elektrėnų",0,0,1,0,0,0,0,0,0,1
2020-06-01,"Ignalinos r.",0,1,0,0,0,0,0,0,0,1
2020-06-01,"Klaipėdos m.",0,0,0,0,0,0,0,1,0,1
2020-06-01,"Ukmergės r.",0,0,0,1,0,0,0,0,0,1
2020-06-01,"Vilniaus m.",0,0,0,0,0,0,1,0,0,1
2020-06-01,"Total",0,1,1,1,0,0,1,1,0,5
2020-06-02,"Klaipėdos m.",0,0,0,1,0,0,0,0,0,1
2020-06-02,"Vilniaus m.",0,0,0,1,0,1,0,0,0,2
2020-06-02,"Total",0,0,0,2,0,1,0,0,0,3
2020-06-03,"Klaipėdos m.",0,0,0,0,0,0,2,0,0,2
2020-06-03,"Šakių r.",0,0,0,0,0,1,0,0,0,1
2020-06-03,"Vilniaus m.",0,1,1,0,0,0,0,0,0,2
2020-06-03,"Total",0,1,1,0,0,1,2,0,0,5
2020-06-04,"Vilniaus m.",0,0,0,0,0,1,1,0,0,2
2020-06-04,"Vilniaus r.",0,0,0,0,1,2,0,0,0,3
2020-06-04,"Total",0,0,0,0,1,3,1,0,0,5
2020-06-05,"Klaipėdos r.",0,0,0,0,1,1,1,0,0,3
2020-06-05,"Radviliškio r.",0,0,0,0,1,0,0,0,0,1
2020-06-05,"Širvintų r.",0,0,0,2,0,0,0,0,0,2
2020-06-05,"Vilniaus m.",0,0,3,0,0,0,1,0,0,4
2020-06-05,"Vilniaus r.",0,0,0,0,0,1,0,0,0,1
2020-06-05,"Total",0,0,3,2,2,2,2,0,0,11
2020-06-06,"Švenčionių r.",0,0,1,0,0,0,0,0,0,1
2020-06-06,"Vilniaus m.",0,0,0,0,2,0,0,0,0,2
2020-06-06,"Vilniaus r.",0,0,1,0,3,2,0,0,0,6
2020-06-06,"Total",0,0,2,0,5,2,0,0,0,9
2020-06-07,"Panevėžio m.",0,0,0,0,0,0,1,0,0,1
2020-06-07,"Širvintų r.",0,0,0,0,2,0,0,0,0,2
2020-06-07,"Vilniaus m.",0,0,0,2,0,0,0,0,0,2
2020-06-07,"Vilniaus r.",0,0,0,0,2,0,0,0,0,2
2020-06-07,"Total",0,0,0,2,4,0,1,0,0,7
2020-06-08,"Jonavos r.",0,0,0,2,0,0,0,0,0,2
2020-06-08,"Kauno m.",0,0,0,0,1,0,0,0,0,1
2020-06-08,"Ukmergės r.",0,0,0,0,1,0,0,0,0,1
2020-06-08,"Vilniaus m.",0,0,0,0,1,0,0,0,0,1
2020-06-08,"Vilniaus r.",0,0,0,1,0,0,0,0,0,1
2020-06-08,"Total",0,0,0,3,3,0,0,0,0,6
2020-06-09,"Klaipėdos m.",0,0,0,0,0,1,0,0,0,1
2020-06-09,"Širvintų r.",3,0,0,0,0,0,0,0,0,3
2020-06-09,"Vilniaus m.",0,0,1,0,0,1,0,0,0,2
2020-06-09,"Total",3,0,1,0,0,2,0,0,0,6
2020-06-10,"Jonavos r.",1,1,0,0,0,0,0,0,0,2
2020-06-10,"Kretingos r.",0,0,0,0,0,0,0,0,1,1
2020-06-10,"Širvintų r.",0,1,0,0,0,0,0,0,0,1
2020-06-10,"Vilniaus m.",0,0,1,2,2,3,2,0,0,10
2020-06-10,"Vilniaus r.",0,0,0,0,0,2,3,0,0,5
2020-06-10,"Total",1,2,1,2,2,5,5,0,1,19
2020-06-11,"Kauno m.",0,0,0,0,1,0,0,0,0,1
2020-06-11,"Vilniaus m.",0,0,0,0,2,0,0,0,0,2
2020-06-11,"Vilniaus r.",0,0,0,0,1,0,0,0,0,1
2020-06-11,"Total",0,0,0,0,4,0,0,0,0,4
2020-06-12,"Utenos r.",0,0,0,0,1,0,0,0,0,1
2020-06-12,"Vilniaus m.",0,0,0,0,1,3,0,0,0,4
2020-06-12,"Vilniaus r.",0,0,0,0,0,2,0,0,0,2
2020-06-12,"Total",0,0,0,0,2,5,0,0,0,7
2020-06-13,"Telšių r.",0,0,0,0,1,0,0,0,0,1
2020-06-13,"Vilniaus m.",0,0,0,1,1,1,0,0,0,3
2020-06-13,"Vilniaus r.",0,0,0,1,0,0,0,0,0,1
2020-06-13,"Total",0,0,0,2,2,1,0,0,0,5
2020-06-14,"Šalčininkų r.",0,0,0,0,1,0,0,0,0,1
2020-06-14,"Vilniaus m.",0,1,0,0,1,0,1,0,0,3
2020-06-14,"Vilniaus r.",0,0,0,0,0,1,0,0,0,1
2020-06-14,"Total",0,1,0,0,2,1,1,0,0,5
2020-06-15,"Vilniaus m.",0,0,0,0,0,0,2,0,1,3
2020-06-15,"Total",0,0,0,0,0,0,2,0,1,3
2020-06-16,"Vilniaus m.",0,0,1,0,0,0,1,0,0,2
2020-06-16,"Total",0,0,1,0,0,0,1,0,0,2
2020-06-17,"Radviliškio r.",0,0,0,0,1,0,0,0,0,1
2020-06-17,"Šalčininkų r.",0,0,0,0,1,0,0,0,0,1
2020-06-17,"Vilniaus m.",0,1,0,1,1,0,1,0,0,4
2020-06-17,"Total",0,1,0,1,3,0,1,0,0,6
2020-06-18,"Marijampolės",0,0,0,0,1,0,0,0,0,1
2020-06-18,"Širvintų r.",0,0,0,0,1,1,0,0,0,2
2020-06-18,"Trakų r.",0,0,0,0,0,1,0,0,0,1
2020-06-18,"Vilniaus m.",0,0,0,0,0,2,1,0,0,3
2020-06-18,"Vilniaus r.",0,0,0,1,0,0,0,0,0,1
2020-06-18,"Total",0,0,0,1,2,4,1,0,0,8
2020-06-19,"Radviliškio r.",0,1,0,0,1,0,0,0,0,2
2020-06-19,"Vilniaus m.",0,0,1,0,0,0,0,0,0,1
2020-06-19,"Total",0,1,1,0,1,0,0,0,0,3
2020-06-20,"Širvintų r.",0,0,0,0,0,1,0,0,0,1
2020-06-20,"Vilniaus m.",0,0,0,2,0,0,0,0,0,2
2020-06-20,"Total",0,0,0,2,0,1,0,0,0,3
2020-06-21,"Druskininkų",0,0,0,1,0,0,0,0,0,1
2020-06-21,"Vilniaus r.",0,0,0,0,0,1,0,1,0,2
2020-06-21,"Total",0,0,0,1,0,1,0,1,0,3
2020-06-22,"Kėdainių r.",0,0,0,0,0,1,0,0,0,1
2020-06-22,"Klaipėdos m.",0,0,0,0,0,0,0,1,0,1
2020-06-22,"Total",0,0,0,0,0,1,0,1,0,2
2020-06-23,"Vilniaus m.",0,0,1,0,0,0,0,0,0,1
2020-06-23,"Total",0,0,1,0,0,0,0,0,0,1
2020-06-24,"Molėtų r.",0,0,0,0,1,0,0,0,0,1
2020-06-24,"Vilniaus m.",0,0,1,0,0,0,0,0,0,1
2020-06-24,"Total",0,0,1,0,1,0,0,0,0,2
2020-06-25,"Vilniaus m.",1,0,0,0,0,0,0,0,0,1
2020-06-25,"Vilniaus r.",0,0,0,1,0,0,0,0,0,1
2020-06-25,"Total",1,0,0,1,0,0,0,0,0,2
2020-06-26,"Kėdainių r.",0,0,0,0,0,1,0,0,0,1
2020-06-26,"Vilniaus m.",0,0,1,2,0,1,0,0,0,4
2020-06-26,"Total",0,0,1,2,0,2,0,0,0,5
2020-06-27,"Vilniaus m.",0,1,0,0,0,0,0,0,0,1
2020-06-27,"Vilniaus r.",0,0,0,0,0,0,1,0,0,1
2020-06-27,"Total",0,1,0,0,0,0,1,0,0,2
2020-06-28,"Vilniaus m.",0,0,0,1,0,0,0,0,0,1
2020-06-28,"Total",0,0,0,1,0,0,0,0,0,1
2020-06-29,"Klaipėdos r.",0,0,0,0,0,1,0,0,0,1
2020-06-29,"Total",0,0,0,0,0,1,0,0,0,1
2020-06-30,"Vilniaus m.",0,0,1,0,0,0,0,0,0,1
2020-06-30,"Total",0,0,1,0,0,0,0,0,0,1
2020-07-01,"Anykščių r.",0,0,1,0,0,0,0,0,0,1
2020-07-01,"Jonavos r.",0,0,0,0,1,0,0,0,0,1
2020-07-01,"Kauno m.",0,0,0,0,1,0,0,0,0,1
2020-07-01,"Klaipėdos m.",0,0,1,0,0,0,0,0,0,1
2020-07-01,"Vilniaus m.",0,0,0,1,0,0,0,0,0,1
2020-07-01,"Vilniaus r.",0,0,0,0,1,0,0,1,0,2
2020-07-01,"Total",0,0,2,1,3,0,0,1,0,7
2020-07-02,"Marijampolės",0,0,0,0,0,1,0,0,0,1
2020-07-02,"Vilniaus m.",0,0,0,0,0,0,1,0,0,1
2020-07-02,"Vilniaus r.",0,0,0,0,0,0,1,0,0,1
2020-07-02,"Total",0,0,0,0,0,1,2,0,0,3
2020-07-03,"Anykščių r.",0,0,1,0,0,0,0,0,0,1
2020-07-03,"Marijampolės",0,0,0,1,0,0,0,0,0,1
2020-07-03,"Vilniaus r.",0,0,0,0,0,1,0,0,0,1
2020-07-03,"Total",0,0,1,1,0,1,0,0,0,3
2020-07-04,"Klaipėdos m.",0,0,1,0,0,0,0,0,0,1
2020-07-04,"Vilniaus m.",0,0,0,2,0,0,0,1,0,3
2020-07-04,"Visagino m.",0,0,0,0,1,0,0,0,0,1
2020-07-04,"Total",0,0,1,2,1,0,0,1,0,5
2020-07-05,"Šalčininkų r.",0,0,0,0,0,0,0,1,0,1
2020-07-05,"Šiaulių m.",0,0,1,0,0,0,0,0,0,1
2020-07-05,"Trakų r.",0,0,0,0,0,1,0,0,0,1
2020-07-05,"Vilniaus m.",0,0,0,0,1,1,0,0,0,2
2020-07-05,"Total",0,0,1,0,1,2,0,1,0,5
2020-07-06,"Elektrėnų",0,0,0,0,0,1,0,0,0,1
2020-07-06,"Vilniaus m.",0,0,1,0,0,0,1,0,0,2
2020-07-06,"Total",0,0,1,0,0,1,1,0,0,3
2020-07-07,"Kretingos r.",0,0,0,0,0,2,0,0,0,2
2020-07-07,"Molėtų r.",0,0,0,1,0,0,0,0,0,1
2020-07-07,"Utenos r.",0,0,1,0,0,0,0,0,0,1
2020-07-07,"Vilniaus m.",0,0,0,0,1,2,1,1,0,5
2020-07-07,"Vilniaus r.",0,0,0,0,1,0,0,0,0,1
2020-07-07,"Total",0,0,1,1,2,4,1,1,0,10
2020-07-08,"Kauno m.",0,0,0,0,1,0,0,0,0,1
2020-07-08,"Vilniaus m.",0,0,0,0,1,1,0,0,0,2
2020-07-08,"Total",0,0,0,0,2,1,0,0,0,3
2020-07-09,"Kauno m.",0,0,0,1,0,0,1,0,0,2
2020-07-09,"Trakų r.",0,0,0,0,0,0,0,0,1,1
2020-07-09,"Vilniaus r.",0,0,0,0,0,1,0,0,0,1
2020-07-09,"Total",0,0,0,1,0,1,1,0,1,4
2020-07-10,"Trakų r.",1,0,0,0,0,0,1,0,0,2
2020-07-10,"Ukmergės r.",0,0,0,0,0,0,1,0,0,1
2020-07-10,"Vilniaus m.",0,0,1,0,0,0,0,0,0,1
2020-07-10,"Total",1,0,1,0,0,0,2,0,0,4
2020-07-11,"Marijampolės",0,0,0,0,0,0,0,1,0,1
2020-07-11,"Utenos r.",0,0,0,0,0,0,0,1,0,1
2020-07-11,"Vilniaus m.",0,0,0,1,0,0,0,1,0,2
2020-07-11,"Total",0,0,0,1,0,0,0,3,0,4
2020-07-12,"Kauno m.",0,0,0,1,0,0,0,0,0,1
2020-07-12,"Trakų r.",0,0,0,0,0,0,1,0,0,1
2020-07-12,"Vilniaus m.",0,0,0,0,1,1,0,0,0,2
2020-07-12,"Vilniaus r.",0,0,0,0,0,0,1,0,0,1
2020-07-12,"Total",0,0,0,1,1,1,2,0,0,5
2020-07-13,"Trakų r.",0,0,0,1,0,0,0,0,0,1
2020-07-13,"Total",0,0,0,1,0,0,0,0,0,1
2020-07-14,"Kauno m.",0,0,0,7,8,0,0,0,0,15
2020-07-14,"Klaipėdos r.",0,0,0,0,0,0,1,0,0,1
2020-07-14,"Šakių r.",0,0,0,0,0,0,0,0,1,1
2020-07-14,"Šalčininkų r.",0,0,0,0,0,0,0,0,1,1
2020-07-14,"Trakų r.",0,0,1,0,0,0,0,0,0,1
2020-07-14,"Vilniaus m.",0,0,0,1,0,1,0,0,0,2
2020-07-14,"Total",0,0,1,8,8,1,1,0,2,21
2020-07-15,"Kauno m.",0,0,0,1,1,0,0,0,0,2
2020-07-15,"Kauno r.",0,0,0,0,0,0,1,0,0,1
2020-07-15,"Klaipėdos r.",0,0,0,1,0,0,0,0,0,1
2020-07-15,"Vilniaus m.",0,0,0,0,0,1,0,0,0,1
2020-07-15,"Vilniaus r.",0,0,0,0,0,0,1,0,0,1
2020-07-15,"Total",0,0,0,2,1,1,2,0,0,6
2020-07-16,"Ignalinos r.",0,0,1,0,0,0,0,0,0,1
2020-07-16,"Kauno m.",0,0,0,0,0,1,0,0,0,1
2020-07-16,"Kėdainių r.",0,0,0,0,0,1,0,0,0,1
2020-07-16,"Šakių r.",0,0,0,0,0,0,1,0,1,2
2020-07-16,"Širvintų r.",1,0,0,0,0,0,0,0,0,1
2020-07-16,"Total",1,0,1,0,0,2,1,0,1,6
2020-07-17,"Kauno m.",0,0,0,1,0,0,0,0,0,1
2020-07-17,"Kėdainių r.",0,0,1,0,0,0,0,0,0,1
2020-07-17,"Panevėžio m.",0,0,0,0,1,0,0,0,0,1
2020-07-17,"Rokiškio r.",0,0,0,0,0,0,1,0,0,1
2020-07-17,"Tauragės r.",0,0,0,0,0,1,0,0,0,1
2020-07-17,"Vilniaus m.",0,0,0,1,1,0,0,0,0,2
2020-07-17,"Total",0,0,1,2,2,1,1,0,0,7
2020-07-18,"Jonavos r.",0,0,1,0,0,0,0,0,0,1
2020-07-18,"Kauno m.",0,0,0,1,0,0,0,0,0,1
2020-07-18,"Kėdainių r.",0,0,0,0,1,2,0,0,0,3
2020-07-18,"Klaipėdos m.",0,0,0,0,1,0,0,0,0,1
2020-07-18,"Klaipėdos r.",1,1,0,1,0,0,0,0,0,3
2020-07-18,"Molėtų r.",0,0,0,0,1,0,0,0,0,1
2020-07-18,"Panevėžio m.",0,0,0,0,0,0,0,1,0,1
2020-07-18,"Šakių r.",0,0,0,0,0,0,1,0,0,1
2020-07-18,"Šalčininkų r.",0,0,0,0,0,1,0,0,0,1
2020-07-18,"Vilkaviškio r.",0,0,0,0,1,0,0,0,0,1
2020-07-18,"Vilniaus m.",0,0,0,0,1,0,0,0,0,1
2020-07-18,"Vilniaus r.",0,0,0,0,0,0,3,0,0,3
2020-07-18,"Total",1,1,1,2,5,3,4,1,0,18
2020-07-19,"Kauno m.",0,0,0,0,0,0,0,1,0,1
2020-07-19,"Kėdainių r.",0,0,0,1,0,0,0,0,0,1
2020-07-19,"Molėtų r.",0,0,0,1,0,0,0,0,0,1
2020-07-19,"Panevėžio m.",0,0,0,0,0,1,0,0,1,2
2020-07-19,"Panevėžio r.",0,0,0,1,0,0,0,0,0,1
2020-07-19,"Vilniaus m.",1,0,0,3,0,1,0,0,0,5
2020-07-19,"Vilniaus r.",0,0,0,0,0,0,2,0,0,2
2020-07-19,"Zarasų r.",0,0,1,0,0,0,0,0,0,1
2020-07-19,"Total",1,0,1,6,0,2,2,1,1,14
2020-07-20,"Kėdainių r.",0,0,0,0,0,1,0,0,0,1
2020-07-20,"Vilniaus r.",0,0,0,1,0,0,0,0,0,1
2020-07-20,"Total",0,0,0,1,0,1,0,0,0,2
2020-07-21,"Panevėžio m.",0,0,0,0,0,1,0,0,0,1
2020-07-21,"Vilniaus m.",0,0,0,1,0,0,0,0,0,1
2020-07-21,"Total",0,0,0,1,0,1,0,0,0,2
2020-07-22,"Lazdijų r.",0,0,0,0,0,1,0,0,0,1
2020-07-22,"Panevėžio m.",0,0,0,0,1,2,0,0,0,3
2020-07-22,"Trakų r.",0,0,0,0,0,0,1,0,0,1
2020-07-22,"Vilniaus m.",1,0,1,1,0,0,1,0,0,4
2020-07-22,"Visagino m.",0,0,0,1,0,0,0,0,0,1
2020-07-22,"Total",1,0,1,2,1,3,2,0,0,10
2020-07-23,"Kauno m.",0,0,1,5,5,2,0,0,0,13
2020-07-23,"Kauno r.",0,0,1,0,0,0,0,0,0,1
2020-07-23,"Klaipėdos m.",0,0,0,0,0,1,0,0,0,1
2020-07-23,"Panevėžio m.",0,0,0,0,1,0,0,0,0,1
2020-07-23,"Šalčininkų r.",0,0,0,1,0,0,0,0,0,1
2020-07-23,"Vilniaus m.",1,1,0,4,0,0,1,0,0,7
2020-07-23,"Vilniaus r.",0,0,0,2,0,0,0,0,0,2
2020-07-23,"Total",1,1,2,12,6,3,1,0,0,26
2020-07-24,"Kauno m.",0,0,0,0,0,4,0,0,0,4
2020-07-24,"Kauno r.",0,0,0,0,0,1,0,0,0,1
2020-07-24,"Kėdainių r.",1,0,0,0,0,0,0,0,0,1
2020-07-24,"Molėtų r.",0,1,0,0,1,1,0,0,0,3
2020-07-24,"Panevėžio m.",0,0,0,1,0,0,0,0,0,1
2020-07-24,"Panevėžio r.",0,0,0,0,0,1,0,0,0,1
2020-07-24,"Vilniaus m.",0,0,1,0,0,0,1,0,0,2
2020-07-24,"Vilniaus r.",0,0,1,0,0,0,0,0,0,1
2020-07-24,"Total",1,1,2,1,1,7,1,0,0,14
2020-07-25,"Molėtų r.",0,0,0,0,1,0,0,0,0,1
2020-07-25,"Šalčininkų r.",0,0,0,0,0,1,1,0,0,2
2020-07-25,"Šiaulių m.",0,0,1,0,0,0,0,0,0,1
2020-07-25,"Vilniaus m.",0,0,0,1,0,2,0,0,0,3
2020-07-25,"Total",0,0,1,1,1,3,1,0,0,7
2020-07-26,"Kauno m.",0,0,1,0,0,1,3,1,0,6
2020-07-26,"Kauno r.",0,0,0,2,0,1,0,0,0,3
2020-07-26,"Tauragės r.",0,0,0,0,0,0,0,0,1,1
2020-07-26,"Vilniaus m.",0,0,1,0,0,0,0,0,0,1
2020-07-26,"Total",0,0,2,2,0,2,3,1,1,11
2020-07-27,"Kauno m.",0,0,0,0,0,1,0,1,0,2
2020-07-27,"Marijampolės",0,0,0,0,1,2,0,0,0,3
2020-07-27,"Panevėžio m.",0,0,0,0,2,0,0,0,0,2
2020-07-27,"Vilniaus r.",0,0,0,0,0,0,0,0,1,1
2020-07-27,"Total",0,0,0,0,3,3,0,1,1,8
2020-07-28,"Elektrėnų",0,0,0,1,0,0,0,0,0,1
2020-07-28,"Kauno m.",0,0,1,1,0,0,0,0,0,2
2020-07-28,"Panevėžio m.",0,0,2,0,2,1,1,0,0,6
2020-07-28,"Šalčininkų r.",0,0,0,1,0,0,1,0,0,2
2020-07-28,"Vilniaus m.",0,0,0,1,1,0,2,0,0,4
2020-07-28,"Vilniaus r.",0,0,0,0,1,0,0,0,0,1
2020-07-28,"Total",0,0,3,4,4,1,4,0,0,16
2020-07-29,"Kauno m.",0,0,0,1,1,0,0,0,0,2
2020-07-29,"Klaipėdos m.",0,0,0,0,1,0,0,0,0,1
2020-07-29,"Panevėžio m.",2,0,0,1,2,3,0,0,0,8
2020-07-29,"Raseinių r.",0,0,0,0,0,0,0,1,0,1
2020-07-29,"Rokiškio r.",0,0,0,0,0,1,0,0,0,1
2020-07-29,"Šalčininkų r.",0,0,0,1,0,0,0,0,0,1
2020-07-29,"Šiaulių m.",0,0,0,1,1,0,0,0,0,2
2020-07-29,"Šilutės r.",0,0,0,0,0,1,0,0,0,1
2020-07-29,"Vilniaus m.",0,1,0,0,0,1,0,0,0,2
2020-07-29,"Total",2,1,0,4,5,6,0,1,0,19
2020-07-30,"Ignalinos r.",0,0,0,1,1,0,0,0,0,2
2020-07-30,"Kauno m.",0,0,0,0,1,1,2,0,0,4
2020-07-30,"Kauno r.",0,0,0,1,0,0,0,0,0,1
2020-07-30,"Klaipėdos r.",0,0,0,1,0,0,0,0,0,1
2020-07-30,"Panevėžio m.",0,0,0,1,0,0,0,0,0,1
2020-07-30,"Prienų r.",0,0,0,0,0,1,0,1,0,2
2020-07-30,"Vilniaus m.",0,0,0,2,0,0,0,0,0,2
2020-07-30,"Total",0,0,0,6,2,2,2,1,0,13
2020-07-31,"Kauno m.",0,0,0,1,0,0,2,0,0,3
2020-07-31,"Kauno r.",0,0,0,0,1,0,0,0,1,2
2020-07-31,"Kupiškio r.",0,0,0,0,0,1,1,0,0,2
2020-07-31,"Panevėžio m.",1,0,0,0,0,0,0,0,0,1
2020-07-31,"Panevėžio r.",0,0,0,0,1,0,0,0,0,1
2020-07-31,"Šiaulių m.",0,0,0,1,0,0,0,0,0,1
2020-07-31,"Šiaulių r.",0,0,1,0,0,0,0,0,0,1
2020-07-31,"Trakų r.",0,0,0,0,0,0,1,0,0,1
2020-07-31,"Vilniaus m.",1,1,1,1,2,0,0,0,0,6
2020-07-31,"Total",2,1,2,3,4,1,4,0,1,18
2020-08-01,"Ignalinos r.",2,0,2,2,0,2,0,0,0,8
2020-08-01,"Kauno m.",0,0,0,0,0,1,2,0,0,3
2020-08-01,"Mažeikių r.",0,0,0,0,0,0,1,0,0,1
2020-08-01,"Panevėžio m.",0,0,0,0,0,1,1,0,0,2
2020-08-01,"Prienų r.",0,1,0,0,0,0,0,1,0,2
2020-08-01,"Vilniaus r.",0,0,0,0,1,0,0,0,0,1
2020-08-01,"Total",2,1,2,2,1,4,4,1,0,17
2020-08-02,"Ignalinos r.",1,0,0,0,0,0,0,0,0,1
2020-08-02,"Kauno m.",0,0,0,0,0,1,1,0,1,3
2020-08-02,"Kauno r.",0,0,0,1,0,0,0,0,0,1
2020-08-02,"Klaipėdos m.",0,2,0,0,1,0,0,0,0,3
2020-08-02,"Kretingos r.",0,0,0,0,1,0,0,0,0,1
2020-08-02,"Prienų r.",0,0,0,0,1,0,0,0,0,1
2020-08-02,"Total",1,2,0,1,3,1,1,0,1,10
2020-08-03,"Kauno m.",0,0,1,0,0,0,1,0,0,2
2020-08-03,"Kauno r.",0,0,0,0,0,2,0,0,0,2
2020-08-03,"Kupiškio r.",0,0,1,0,0,0,0,0,0,1
2020-08-03,"Panevėžio m.",1,0,0,0,1,2,0,0,0,4
2020-08-03,"Prienų r.",0,0,0,0,0,0,0,0,1,1
2020-08-03,"Radviliškio r.",0,0,0,0,0,1,0,0,0,1
2020-08-03,"Šalčininkų r.",0,0,0,1,0,1,0,0,0,2
2020-08-03,"Vilniaus m.",0,0,1,2,0,1,0,0,0,4
2020-08-03,"Total",1,0,3,3,1,7,1,0,1,17
2020-08-04,"Kauno m.",0,0,0,0,1,1,1,0,0,3
2020-08-04,"Kelmės r.",0,0,0,0,1,0,0,0,0,1
2020-08-04,"Panevėžio m.",0,0,0,1,0,0,0,0,0,1
2020-08-04,"Panevėžio r.",0,0,1,0,0,0,0,0,0,1
2020-08-04,"Prienų r.",0,0,0,0,0,0,0,0,1,1
2020-08-04,"Šalčininkų r.",0,0,0,0,0,1,0,0,0,1
2020-08-04,"Vilniaus m.",0,0,0,0,1,0,0,0,0,1
2020-08-04,"Vilniaus r.",0,0,0,0,0,0,0,1,0,1
2020-08-04,"Total",0,0,1,1,3,2,1,1,1,10
2020-08-05,"Ignalinos r.",1,1,0,0,0,1,0,0,0,3
2020-08-05,"Jonavos r.",0,0,0,1,0,0,0,0,0,1
2020-08-05,"Jurbarko r.",0,0,0,0,1,0,0,0,0,1
2020-08-05,"Kauno m.",0,0,0,2,1,2,2,0,1,8
2020-08-05,"Kauno r.",0,0,0,1,0,0,1,0,0,2
2020-08-05,"Klaipėdos m.",0,0,0,0,1,0,0,0,0,1
2020-08-05,"Panevėžio m.",0,0,0,0,1,0,1,0,0,2
2020-08-05,"Prienų r.",0,0,1,0,0,0,0,0,0,1
2020-08-05,"Vilniaus m.",1,1,0,1,0,0,0,0,0,3
2020-08-05,"Vilniaus r.",0,0,0,0,0,0,1,0,0,1
2020-08-05,"Visagino m.",0,0,0,0,0,0,1,0,0,1
2020-08-05,"Total",2,2,1,5,4,3,6,0,1,24
2020-08-06,"Ignalinos r.",0,0,1,1,1,0,1,0,0,4
2020-08-06,"Jonavos r.",0,0,1,0,0,0,0,0,0,1
2020-08-06,"Kauno m.",0,0,0,0,0,3,0,1,0,4
2020-08-06,"Klaipėdos m.",0,0,0,1,0,0,0,0,0,1
2020-08-06,"Panevėžio m.",0,0,0,0,0,2,0,0,0,2
2020-08-06,"Prienų r.",0,0,0,0,1,1,0,0,0,2
2020-08-06,"Vilniaus m.",0,1,1,1,2,1,0,0,0,6
2020-08-06,"Vilniaus r.",0,0,0,1,1,0,0,0,0,2
2020-08-06,"Visagino m.",0,0,0,2,0,0,0,0,0,2
2020-08-06,"Total",0,1,3,6,5,7,1,1,0,24
2020-08-07,"Jonavos r.",0,1,0,0,0,0,0,0,0,1
2020-08-07,"Kauno m.",0,0,1,6,9,4,1,1,0,22
2020-08-07,"Kauno r.",3,0,0,0,0,0,2,0,0,5
2020-08-07,"Klaipėdos m.",0,0,1,0,0,0,0,0,0,1
2020-08-07,"Klaipėdos r.",0,0,0,0,1,0,0,0,0,1
2020-08-07,"Panevėžio m.",0,0,1,0,0,0,0,0,0,1
2020-08-07,"Prienų r.",0,0,0,0,0,0,1,0,0,1
2020-08-07,"Vilniaus m.",0,0,1,1,0,1,0,0,0,3
2020-08-07,"Vilniaus r.",0,0,1,0,0,0,0,0,0,1
2020-08-07,"Total",3,1,5,7,10,5,4,1,0,36
2020-08-08,"Kauno m.",0,0,1,2,3,2,0,1,0,9
2020-08-08,"Kauno r.",0,0,0,0,0,1,1,0,0,2
2020-08-08,"Kėdainių r.",0,0,0,0,0,0,1,0,0,1
2020-08-08,"Prienų r.",1,0,0,0,0,0,0,1,0,2
2020-08-08,"Vilniaus m.",0,0,0,1,1,1,1,0,0,4
2020-08-08,"Vilniaus r.",0,0,0,0,1,0,1,0,0,2
2020-08-08,"Visagino m.",1,0,0,0,0,0,1,0,0,2
2020-08-08,"Total",2,0,1,3,5,4,5,2,0,22
2020-08-09,"Kauno m.",1,1,1,0,1,0,0,1,0,5
2020-08-09,"Kauno r.",0,0,0,0,1,0,2,0,0,3
2020-08-09,"Prienų r.",0,0,0,0,0,0,0,0,1,1
2020-08-09,"Trakų r.",0,0,0,0,0,1,0,0,0,1
2020-08-09,"Vilniaus m.",1,0,0,0,0,0,1,0,0,2
2020-08-09,"Total",2,1,1,0,2,1,3,1,1,12
2020-08-10,"Kaišiadorių r.",0,0,0,1,0,0,0,0,0,1
2020-08-10,"Kauno m.",0,0,2,1,1,4,1,0,0,9
2020-08-10,"Kauno r.",0,0,1,0,1,0,0,0,0,2
2020-08-10,"Klaipėdos m.",0,0,0,0,1,0,0,0,0,1
2020-08-10,"Prienų r.",0,0,0,0,0,0,1,0,0,1
2020-08-10,"Trakų r.",0,0,0,0,0,0,1,0,0,1
2020-08-10,"Vilniaus m.",0,0,0,0,1,0,0,0,0,1
2020-08-10,"Vilniaus r.",0,0,0,1,0,0,1,0,0,2
2020-08-10,"Total",0,0,3,3,4,4,4,0,0,18
2020-08-11,"Kauno m.",0,1,2,2,2,2,0,0,0,9
2020-08-11,"Klaipėdos m.",0,0,1,1,1,0,1,0,0,4
2020-08-11,"Šiaulių m.",0,0,0,0,0,1,0,0,0,1
2020-08-11,"Šilutės r.",0,0,1,0,0,0,0,0,0,1
2020-08-11,"Vilniaus m.",0,0,2,4,2,1,1,0,1,11
2020-08-11,"Total",0,1,6,7,5,4,2,0,1,26
2020-08-12,"Kauno m.",0,0,0,1,0,1,0,0,2,4
2020-08-12,"Kauno r.",0,0,0,1,0,0,0,0,0,1
2020-08-12,"Klaipėdos m.",0,0,2,4,0,0,0,0,0,6
2020-08-12,"Klaipėdos r.",1,0,0,0,0,0,0,0,0,1
2020-08-12,"Panevėžio m.",0,0,0,1,0,0,0,0,0,1
2020-08-12,"Šalčininkų r.",0,0,1,0,0,0,0,0,0,1
2020-08-12,"Ukmergės r.",0,0,0,0,2,0,0,0,0,2
2020-08-12,"Vilniaus m.",1,0,2,2,0,0,0,0,0,5
2020-08-12,"Total",2,0,5,9,2,1,0,0,2,21
2020-08-13,"Kauno m.",0,1,1,0,2,1,0,0,0,5
2020-08-13,"Kauno r.",0,0,1,0,0,0,0,0,0,1
2020-08-13,"Klaipėdos m.",0,0,0,1,2,0,1,0,0,4
2020-08-13,"Kupiškio r.",0,0,0,0,0,1,0,0,0,1
2020-08-13,"Panevėžio m.",0,0,0,0,0,0,2,0,0,2
2020-08-13,"Prienų r.",0,0,0,0,0,0,0,0,1,1
2020-08-13,"Šiaulių m.",0,0,0,0,1,1,0,0,0,2
2020-08-13,"Tauragės r.",0,0,0,0,1,0,0,0,0,1
2020-08-13,"Vilniaus m.",0,0,1,1,1,0,0,0,0,3
2020-08-13,"Vilniaus r.",0,1,0,0,0,0,0,0,0,1
2020-08-13,"Zarasų r.",0,0,0,1,0,0,0,0,0,1
2020-08-13,"Total",0,2,3,3,7,3,3,0,1,22
2020-08-14,"Jonavos r.",0,0,1,0,0,0,0,0,0,1
2020-08-14,"Kauno m.",0,1,2,1,3,0,0,1,0,8
2020-08-14,"Kauno r.",0,0,0,0,0,2,0,0,0,2
2020-08-14,"Klaipėdos m.",0,0,1,1,1,1,0,0,0,4
2020-08-14,"Panevėžio m.",0,0,0,0,0,0,0,0,1,1
2020-08-14,"Prienų r.",0,0,0,0,1,0,0,0,0,1
2020-08-14,"Šiaulių m.",0,0,2,0,0,0,0,0,0,2
2020-08-14,"Tauragės r.",0,1,2,0,0,0,0,0,0,3
2020-08-14,"Trakų r.",0,0,0,0,0,1,0,0,0,1
2020-08-14,"Vilniaus m.",0,0,4,4,0,2,0,0,0,10
2020-08-14,"Total",0,2,12,6,5,6,0,1,1,33
2020-08-15,"Kauno m.",0,1,5,1,0,1,1,0,0,9
2020-08-15,"Kauno r.",0,3,3,2,4,1,0,0,0,13
2020-08-15,"Klaipėdos m.",0,0,0,0,0,0,1,0,0,1
2020-08-15,"Kupiškio r.",0,0,0,1,0,0,0,0,0,1
2020-08-15,"Mažeikių r.",0,1,0,0,0,0,0,0,0,1
2020-08-15,"Pakruojo r.",0,0,0,1,0,0,0,0,0,1
2020-08-15,"Panevėžio r.",0,0,0,0,0,0,1,0,0,1
2020-08-15,"Šiaulių m.",0,0,0,0,1,0,0,0,0,1
2020-08-15,"Vilniaus m.",0,0,0,1,0,1,0,0,0,2
2020-08-15,"Total",0,5,8,6,5,3,3,0,0,30
2020-08-16,"Kauno m.",1,0,3,1,2,2,0,0,0,9
2020-08-16,"Kauno r.",0,1,1,0,0,1,0,0,0,3
2020-08-16,"Klaipėdos m.",0,0,1,0,2,0,0,0,0,3
2020-08-16,"Panevėžio m.",0,0,1,0,0,0,0,0,0,1
2020-08-16,"Vilniaus m.",0,0,1,1,2,0,0,0,0,4
2020-08-16,"Vilniaus r.",0,0,0,0,1,0,0,0,0,1
2020-08-16,"Total",1,1,7,2,7,3,0,0,0,21
2020-08-17,"Kaišiadorių r.",0,0,0,0,0,0,0,0,1,1
2020-08-17,"Kauno m.",0,1,2,1,0,1,0,0,0,5
2020-08-17,"Klaipėdos r.",0,1,0,0,0,0,0,0,0,1
2020-08-17,"Mažeikių r.",0,0,0,1,0,0,0,0,0,1
2020-08-17,"Molėtų r.",0,0,1,0,0,1,0,0,0,2
2020-08-17,"Šakių r.",0,1,1,0,0,0,0,0,0,2
2020-08-17,"Šalčininkų r.",0,1,0,0,0,0,0,0,0,1
2020-08-17,"Šilutės r.",0,0,0,0,0,0,1,0,0,1
2020-08-17,"Trakų r.",0,0,0,1,1,1,0,0,0,3
2020-08-17,"Vilniaus m.",2,0,4,10,1,1,1,0,0,19
2020-08-17,"Vilniaus r.",0,1,0,0,0,0,0,0,0,1
2020-08-17,"Total",2,5,8,13,2,4,2,0,1,37
2020-08-18,"Akmenės r.",0,0,0,0,0,0,0,1,1,2
2020-08-18,"Kauno m.",1,0,0,1,0,0,0,0,0,2
2020-08-18,"Kauno r.",0,0,0,0,2,1,0,0,0,3
2020-08-18,"Klaipėdos m.",0,1,0,0,0,0,0,0,0,1
2020-08-18,"Klaipėdos r.",0,0,0,0,0,1,0,0,0,1
2020-08-18,"Kupiškio r.",0,0,0,0,0,1,0,0,0,1
2020-08-18,"Panevėžio m.",0,0,0,0,0,1,0,1,1,3
2020-08-18,"Panevėžio r.",0,0,0,0,1,0,1,0,0,2
2020-08-18,"Prienų r.",0,0,0,0,0,0,1,0,0,1
2020-08-18,"Tauragės r.",0,0,0,0,0,0,1,0,0,1
2020-08-18,"Trakų r.",0,0,0,0,0,1,0,0,0,1
2020-08-18,"Vilniaus m.",0,0,0,0,2,0,1,0,1,4
2020-08-18,"Total",1,1,0,1,5,5,4,2,3,22
2020-08-19,"Elektrėnų",0,0,0,0,0,0,0,0,1,1
2020-08-19,"Jonavos r.",0,0,0,0,0,1,0,0,0,1
2020-08-19,"Kaišiadorių r.",0,0,1,0,0,2,0,0,0,3
2020-08-19,"Kauno m.",0,0,1,1,2,0,2,0,1,7
2020-08-19,"Kauno r.",0,1,0,3,1,1,0,0,0,6
2020-08-19,"Klaipėdos m.",0,0,0,0,2,0,0,0,0,2
2020-08-19,"Kretingos r.",0,0,0,1,0,0,0,0,0,1
2020-08-19,"Tauragės r.",0,0,1,0,0,0,0,0,0,1
2020-08-19,"Vilniaus m.",0,0,1,4,4,1,0,0,0,10
2020-08-19,"Total",0,1,4,9,9,5,2,0,2,32
2020-08-20,"Kauno m.",0,1,2,3,0,0,0,0,0,6
2020-08-20,"Kauno r.",0,0,0,1,0,2,0,0,0,3
2020-08-20,"Kėdainių r.",0,0,0,0,0,1,0,0,0,1
2020-08-20,"Klaipėdos m.",0,1,1,0,0,0,0,0,0,2
2020-08-20,"Marijampolės",0,0,1,0,0,0,0,0,0,1
2020-08-20,"Molėtų r.",0,0,0,0,0,2,0,0,0,2
2020-08-20,"Panevėžio m.",0,0,0,0,0,0,0,0,1,1
2020-08-20,"Tauragės r.",0,0,0,0,0,0,1,0,0,1
2020-08-20,"Trakų r.",0,0,0,0,1,0,0,0,0,1
2020-08-20,"Ukmergės r.",0,1,0,0,0,0,0,0,0,1
2020-08-20,"Vilniaus m.",0,0,3,6,4,3,1,0,0,17
2020-08-20,"Vilniaus r.",0,0,0,1,0,0,0,0,0,1
2020-08-20,"Total",0,3,7,11,5,8,2,0,1,37
2020-08-21,"Elektrėnų",0,0,2,0,0,0,0,0,0,2
2020-08-21,"Kauno m.",0,1,3,2,3,1,1,0,1,12
2020-08-21,"Kauno r.",0,1,1,0,1,0,0,0,0,3
2020-08-21,"Molėtų r.",0,0,0,0,0,0,1,0,0,1
2020-08-21,"Prienų r.",0,0,0,1,0,0,0,0,0,1
2020-08-21,"Trakų r.",0,0,1,0,1,0,0,0,0,2
2020-08-21,"Vilniaus m.",0,0,4,3,1,0,0,0,0,8
2020-08-21,"Zarasų r.",0,0,0,0,0,0,1,0,0,1
2020-08-21,"Total",0,2,11,6,6,1,3,0,1,30
2020-08-22,"Kauno m.",0,0,2,2,1,1,0,0,0,6
2020-08-22,"Kauno r.",0,0,0,2,1,0,0,0,0,3
2020-08-22,"Kėdainių r.",0,0,0,0,0,1,0,0,0,1
2020-08-22,"Klaipėdos m.",0,0,1,0,0,0,0,0,0,1
2020-08-22,"Kupiškio r.",0,0,0,0,1,0,0,0,0,1
2020-08-22,"Molėtų r.",0,0,0,0,0,1,0,0,0,1
2020-08-22,"Pasvalio r.",0,0,0,0,0,1,0,0,0,1
2020-08-22,"Vilniaus m.",0,2,9,7,3,1,3,0,0,25
2020-08-22,"Visagino m.",0,0,0,0,0,1,0,0,0,1
2020-08-22,"Zarasų r.",0,0,0,1,0,0,0,0,0,1
2020-08-22,"Total",0,2,12,12,6,6,3,0,0,41
2020-08-23,"Kauno m.",1,0,0,0,0,2,0,0,0,3
2020-08-23,"Molėtų r.",0,0,0,1,0,1,0,0,0,2
2020-08-23,"Neringos",0,0,0,1,0,0,0,0,0,1
2020-08-23,"Šilutės r.",0,0,1,0,0,0,0,1,0,2
2020-08-23,"Skuodo r.",0,0,0,1,0,0,0,0,0,1
2020-08-23,"Švenčionių r.",0,0,0,0,0,0,3,0,0,3
2020-08-23,"Trakų r.",0,0,0,0,0,1,0,0,0,1
2020-08-23,"Vilniaus m.",0,1,8,4,6,2,3,0,0,24
2020-08-23,"Vilniaus r.",0,0,0,1,0,0,0,0,0,1
2020-08-23,"Total",1,1,9,8,6,6,6,1,0,38
2020-08-24,"Kauno m.",1,1,0,0,0,0,0,0,0,2
2020-08-24,"Klaipėdos m.",0,0,0,0,0,0,0,0,1,1
2020-08-24,"Panevėžio m.",0,0,0,0,0,1,0,0,0,1
2020-08-24,"Šalčininkų r.",0,0,0,0,0,1,0,0,0,1
2020-08-24,"Švenčionių r.",0,0,0,0,1,0,1,0,0,2
2020-08-24,"Tauragės r.",0,0,0,0,0,0,1,0,0,1
2020-08-24,"Vilniaus m.",0,1,5,4,1,2,0,0,0,13
2020-08-24,"Total",1,2,5,4,2,4,2,0,1,21
2020-08-25,"Kauno m.",0,0,0,1,1,1,0,0,0,3
2020-08-25,"Kauno r.",0,0,0,0,0,0,0,0,1,1
2020-08-25,"Klaipėdos m.",0,2,1,0,0,0,0,0,0,3
2020-08-25,"Kupiškio r.",0,0,0,0,0,1,0,0,0,1
2020-08-25,"Marijampolės",0,0,1,0,0,1,0,0,0,2
2020-08-25,"Panevėžio m.",0,0,1,0,0,0,0,1,0,2
2020-08-25,"Pasvalio r.",0,0,1,0,0,0,0,0,0,1
2020-08-25,"Šakių r.",0,0,0,1,0,0,0,0,0,1
2020-08-25,"Švenčionių r.",0,0,0,0,1,0,0,0,0,1
2020-08-25,"Trakų r.",0,0,0,0,0,1,0,0,0,1
2020-08-25,"Vilniaus m.",0,1,1,4,3,1,2,0,0,12
2020-08-25,"Vilniaus r.",0,1,1,1,0,0,0,0,0,3
2020-08-25,"Visagino m.",0,0,0,0,0,0,0,1,0,1
2020-08-25,"Total",0,4,6,7,5,5,2,2,1,32
2020-08-26,"Biržų r.",0,0,0,1,0,0,0,0,0,1
2020-08-26,"Kauno m.",0,0,1,0,2,1,1,0,0,5
2020-08-26,"Kauno r.",0,0,0,0,0,0,0,0,1,1
2020-08-26,"Klaipėdos m.",0,0,0,0,0,1,0,0,0,1
2020-08-26,"Klaipėdos r.",0,0,0,0,0,0,1,0,0,1
2020-08-26,"Molėtų r.",0,0,1,0,1,2,2,0,0,6
2020-08-26,"Panevėžio m.",0,0,0,0,1,2,0,0,0,3
2020-08-26,"Pasvalio r.",0,0,1,0,0,0,0,0,0,1
2020-08-26,"Rokiškio r.",0,0,0,0,0,0,0,1,0,1
2020-08-26,"Šalčininkų r.",0,0,0,0,0,1,0,0,0,1
2020-08-26,"Skuodo r.",1,0,0,0,0,1,0,0,0,2
2020-08-26,"Švenčionių r.",0,0,0,0,1,0,0,0,0,1
2020-08-26,"Vilniaus m.",0,0,4,3,1,2,1,0,0,11
2020-08-26,"Vilniaus r.",0,0,0,0,1,0,0,0,0,1
2020-08-26,"Total",1,0,7,4,7,10,5,1,1,36
2020-08-27,"Anykščių r.",0,0,0,0,0,0,1,0,0,1
2020-08-27,"Elektrėnų",0,1,1,0,0,0,0,0,0,2
2020-08-27,"Kauno m.",0,1,1,0,1,1,1,0,0,5
2020-08-27,"Kauno r.",0,0,0,1,0,0,0,0,0,1
2020-08-27,"Klaipėdos m.",0,0,1,0,0,0,0,0,0,1
2020-08-27,"Kupiškio r.",0,0,0,0,1,0,0,0,0,1
2020-08-27,"Molėtų r.",0,0,1,0,2,3,2,0,1,9
2020-08-27,"Panevėžio m.",0,0,0,0,1,0,0,0,0,1
2020-08-27,"Pasvalio r.",0,0,1,0,0,0,0,0,0,1
2020-08-27,"Švenčionių r.",0,0,0,0,0,1,0,0,0,1
2020-08-27,"Trakų r.",0,0,0,0,1,0,0,0,0,1
2020-08-27,"Vilniaus m.",0,1,8,6,3,3,1,1,0,23
2020-08-27,"Vilniaus r.",0,0,1,0,0,0,0,0,0,1
2020-08-27,"Total",0,3,14,7,9,8,5,1,1,48
2020-08-28,"Biržų r.",0,0,1,0,0,0,0,0,0,1
2020-08-28,"Elektrėnų",0,0,0,0,1,0,0,0,0,1
2020-08-28,"Kauno m.",1,0,1,1,3,0,0,0,0,6
2020-08-28,"Kauno r.",0,0,0,1,0,0,0,0,0,1
2020-08-28,"Klaipėdos m.",0,0,0,0,1,0,0,0,0,1
2020-08-28,"Klaipėdos r.",0,0,0,0,0,0,1,0,1,2
2020-08-28,"Lazdijų r.",0,0,0,0,1,0,0,0,0,1
2020-08-28,"Mažeikių r.",0,0,0,0,1,0,0,0,0,1
2020-08-28,"Panevėžio m.",0,0,0,0,1,0,0,0,0,1
2020-08-28,"Rokiškio r.",0,0,0,0,3,0,0,0,0,3
2020-08-28,"Švenčionių r.",0,0,0,0,0,2,1,0,0,3
2020-08-28,"Vilniaus m.",0,1,5,1,0,0,0,1,0,8
2020-08-28,"Total",1,1,7,3,11,2,2,1,1,29
2020-08-29,"Jurbarko r.",0,1,1,0,0,0,0,0,0,2
2020-08-29,"Kauno m.",0,2,1,1,0,0,1,0,0,5
2020-08-29,"Kauno r.",0,0,0,1,0,0,0,1,1,3
2020-08-29,"Kėdainių r.",0,0,0,0,0,0,1,0,0,1
2020-08-29,"Klaipėdos m.",0,1,0,0,0,0,0,0,0,1
2020-08-29,"Molėtų r.",0,0,0,2,0,1,0,0,0,3
2020-08-29,"Panevėžio m.",0,0,1,1,0,0,0,0,0,2
2020-08-29,"Šakių r.",0,0,1,0,0,0,0,0,0,1
2020-08-29,"Švenčionių r.",0,2,0,1,1,3,1,0,0,8
2020-08-29,"Vilniaus m.",0,0,0,1,4,0,2,1,0,8
2020-08-29,"Vilniaus r.",0,1,0,0,0,0,0,0,0,1
2020-08-29,"Total",0,7,4,7,5,4,5,2,1,35
2020-08-30,"Alytaus m.",0,0,0,0,1,0,0,0,0,1
2020-08-30,"Jurbarko r.",0,2,1,0,0,0,0,0,0,3
2020-08-30,"Kaišiadorių r.",0,1,0,0,0,0,0,0,0,1
2020-08-30,"Kauno m.",0,0,0,0,0,1,0,0,0,1
2020-08-30,"Kauno r.",0,0,0,0,1,0,1,0,0,2
2020-08-30,"Molėtų r.",0,2,0,0,1,0,0,0,0,3
2020-08-30,"Pasvalio r.",0,2,0,0,2,0,0,0,0,4
2020-08-30,"Šakių r.",0,0,0,0,1,0,0,0,0,1
2020-08-30,"Švenčionių r.",0,0,0,0,2,2,0,0,0,4
2020-08-30,"Vilniaus m.",0,1,0,3,2,3,3,0,0,12
2020-08-30,"Total",0,8,1,3,10,6,4,0,0,32
2020-08-31,"Elektrėnų",0,0,0,0,1,0,0,0,0,1
2020-08-31,"Kauno m.",0,0,0,1,1,0,0,0,0,2
2020-08-31,"Klaipėdos m.",0,0,0,1,0,0,0,0,0,1
2020-08-31,"Tauragės r.",0,7,4,0,0,0,0,0,0,11
2020-08-31,"Trakų r.",0,0,0,0,1,1,0,0,0,2
2020-08-31,"Vilniaus m.",0,1,3,0,1,0,0,0,0,5
2020-08-31,"Vilniaus r.",0,0,1,0,0,0,0,0,0,1
2020-08-31,"Total",0,8,8,2,4,1,0,0,0,23
2020-09-01,"Kauno m.",0,0,0,0,1,0,0,0,0,1
2020-09-01,"Kauno r.",0,0,0,0,0,1,0,0,0,1
2020-09-01,"Klaipėdos m.",0,0,1,0,0,0,0,0,0,1
2020-09-01,"Klaipėdos r.",0,0,1,0,0,0,0,0,0,1
2020-09-01,"Mažeikių r.",0,0,0,0,1,0,0,0,0,1
2020-09-01,"Panevėžio m.",0,0,0,1,0,0,0,0,0,1
2020-09-01,"Prienų r.",0,0,0,0,0,0,0,1,1,2
2020-09-01,"Šiaulių m.",0,0,2,0,1,0,0,0,0,3
2020-09-01,"Švenčionių r.",0,0,0,0,0,1,1,0,0,2
2020-09-01,"Tauragės r.",1,3,4,0,0,0,0,0,0,8
2020-09-01,"Ukmergės r.",0,0,1,0,0,0,0,0,0,1
2020-09-01,"Utenos r.",0,0,0,0,0,0,0,0,1,1
2020-09-01,"Vilniaus m.",0,3,1,2,0,0,0,0,0,6
2020-09-01,"Total",1,6,10,3,3,2,1,1,2,29
2020-09-02,"Alytaus m.",0,1,0,0,0,0,0,0,0,1
2020-09-02,"Kauno r.",0,0,0,0,0,0,1,0,0,1
2020-09-02,"Kėdainių r.",0,0,0,0,0,0,0,0,1,1
2020-09-02,"Klaipėdos m.",0,0,1,0,0,0,0,0,0,1
2020-09-02,"Mažeikių r.",0,1,0,0,0,0,0,0,0,1
2020-09-02,"Panevėžio m.",0,0,0,0,1,0,0,0,0,1
2020-09-02,"Raseinių r.",0,0,0,0,1,0,0,0,0,1
2020-09-02,"Šiaulių m.",0,0,0,0,1,0,0,0,0,1
2020-09-02,"Šilalės r.",0,0,1,0,0,0,0,0,0,1
2020-09-02,"Švenčionių r.",0,1,0,0,0,1,0,0,0,2
2020-09-02,"Vilniaus m.",2,1,3,1,2,0,0,0,0,9
2020-09-02,"Total",2,4,5,1,5,1,1,0,1,20
2020-09-03,"Anykščių r.",0,0,0,0,0,0,1,0,0,1
2020-09-03,"Jurbarko r.",0,0,1,0,0,0,0,0,0,1
2020-09-03,"Kauno m.",0,0,1,0,0,0,0,0,0,1
2020-09-03,"Kėdainių r.",0,0,0,1,0,0,0,0,0,1
2020-09-03,"Klaipėdos r.",0,0,1,0,1,0,0,0,0,2
2020-09-03,"Molėtų r.",0,0,0,0,0,1,0,0,0,1
2020-09-03,"Radviliškio r.",0,0,0,0,0,1,0,0,0,1
2020-09-03,"Šiaulių m.",0,0,0,1,0,0,0,0,0,1
2020-09-03,"Šilalės r.",0,3,2,0,0,0,0,0,0,5
2020-09-03,"Vilniaus m.",1,0,3,2,2,1,1,0,0,10
2020-09-03,"Vilniaus r.",0,1,1,0,0,0,0,0,0,2
2020-09-03,"Total",1,4,9,4,3,3,2,0,0,26
2020-09-04,"Elektrėnų",0,0,1,0,1,0,0,0,0,2
2020-09-04,"Jurbarko r.",0,0,1,0,0,0,0,0,0,1
2020-09-04,"Kauno m.",0,0,1,1,0,0,0,0,0,2
2020-09-04,"Kauno r.",1,0,0,1,0,0,0,0,0,2
2020-09-04,"Kėdainių r.",0,0,2,0,0,0,0,0,0,2
2020-09-04,"Klaipėdos m.",0,0,0,0,1,0,0,0,0,1
2020-09-04,"Molėtų r.",0,0,0,1,1,0,0,1,0,3
2020-09-04,"Prienų r.",0,0,0,0,0,1,0,0,0,1
2020-09-04,"Raseinių r.",0,1,0,1,0,0,0,0,0,2
2020-09-04,"Šiaulių m.",0,0,1,0,1,2,0,0,0,4
2020-09-04,"Šiaulių r.",0,0,0,1,1,0,0,0,0,2
2020-09-04,"Tauragės r.",0,1,0,0,0,0,0,0,0,1
2020-09-04,"Vilniaus m.",1,1,3,2,3,1,1,0,0,12
2020-09-04,"Visagino m.",0,0,0,0,0,1,0,0,0,1
2020-09-04,"Total",2,3,9,7,8,5,1,1,0,36
2020-09-05,"Kauno m.",0,0,1,0,0,0,1,0,0,2
2020-09-05,"Kauno r.",0,0,0,1,0,0,0,0,0,1
2020-09-05,"Kėdainių r.",0,0,0,0,0,2,0,0,0,2
2020-09-05,"Klaipėdos m.",0,0,0,0,1,0,0,0,0,1
2020-09-05,"Klaipėdos r.",0,0,0,0,1,1,0,0,0,2
2020-09-05,"Marijampolės",0,0,0,0,1,0,0,0,0,1
2020-09-05,"Prienų r.",0,0,0,0,1,0,0,0,0,1
2020-09-05,"Raseinių r.",1,0,0,2,1,0,1,0,0,5
2020-09-05,"Šalčininkų r.",0,0,0,0,0,1,0,0,0,1
2020-09-05,"Šiaulių m.",0,2,0,1,3,0,0,0,0,6
2020-09-05,"Šilalės r.",0,0,0,1,0,0,0,0,0,1
2020-09-05,"Švenčionių r.",0,0,1,0,0,0,2,0,0,3
2020-09-05,"Tauragės r.",0,0,2,0,0,0,0,0,0,2
2020-09-05,"Vilniaus m.",0,0,6,4,2,2,0,0,0,14
2020-09-05,"Vilniaus r.",0,0,1,0,0,0,0,0,0,1
2020-09-05,"Total",1,2,11,9,10,6,4,0,0,43
2020-09-06,"Kauno m.",0,0,0,0,0,0,0,0,1,1
2020-09-06,"Kėdainių r.",0,0,0,2,0,0,0,0,0,2
2020-09-06,"Marijampolės",0,0,0,0,0,1,0,0,0,1
2020-09-06,"Pagėgių",0,0,0,0,1,2,0,0,0,3
2020-09-06,"Trakų r.",0,0,1,0,0,0,0,0,0,1
2020-09-06,"Vilniaus m.",1,0,3,1,0,1,0,0,1,7
2020-09-06,"Vilniaus r.",0,1,0,0,0,1,0,0,0,2
2020-09-06,"Total",1,1,4,3,1,5,0,0,2,17
2020-09-07,"Jurbarko r.",0,0,0,1,0,0,0,0,0,1
2020-09-07,"Kalvarijos",0,0,0,0,0,1,0,0,0,1
2020-09-07,"Kauno m.",0,2,0,5,2,2,0,0,1,12
2020-09-07,"Kauno r.",0,0,0,1,0,0,0,0,0,1
2020-09-07,"Klaipėdos m.",0,0,1,0,0,0,0,0,0,1
2020-09-07,"Klaipėdos r.",0,0,1,0,1,0,0,0,0,2
2020-09-07,"Raseinių r.",0,1,0,0,0,0,0,0,0,1
2020-09-07,"Šiaulių m.",0,0,0,0,0,1,0,0,0,1
2020-09-07,"Skuodo r.",0,0,0,0,0,1,0,0,0,1
2020-09-07,"Trakų r.",0,0,0,1,0,0,0,0,0,1
2020-09-07,"Vilniaus m.",1,1,1,4,0,2,0,0,0,9
2020-09-07,"Vilniaus r.",0,0,0,1,0,0,0,0,0,1
2020-09-07,"Total",1,4,3,13,3,7,0,0,1,32
2020-09-08,"Alytaus m.",0,0,0,0,1,0,0,0,0,1
2020-09-08,"Elektrėnų",0,1,0,0,0,0,0,0,0,1
2020-09-08,"Kauno m.",0,0,1,0,0,2,0,0,1,4
2020-09-08,"Kauno r.",1,0,0,0,1,1,0,0,0,3
2020-09-08,"Klaipėdos m.",0,1,0,0,1,0,1,0,0,3
2020-09-08,"Klaipėdos r.",1,0,0,2,0,1,0,0,0,4
2020-09-08,"Šiaulių m.",1,0,0,1,0,1,0,0,0,3
2020-09-08,"Tauragės r.",0,0,1,0,0,0,0,0,0,1
2020-09-08,"Trakų r.",1,0,2,0,0,1,0,1,0,5
2020-09-08,"Vilniaus m.",0,0,1,2,2,1,0,0,0,6
2020-09-08,"Vilniaus r.",0,0,0,0,0,1,0,0,0,1
2020-09-08,"Total",4,2,5,5,5,8,1,1,1,32
2020-09-09,"Elektrėnų",0,0,0,1,0,0,0,0,0,1
2020-09-09,"Jurbarko r.",0,0,0,0,0,1,0,0,0,1
2020-09-09,"Kauno m.",0,0,0,0,1,0,1,0,0,2
2020-09-09,"Kauno r.",0,0,0,0,2,0,0,0,0,2
2020-09-09,"Klaipėdos m.",0,0,0,0,0,1,0,0,0,1
2020-09-09,"Panevėžio m.",0,0,0,0,1,0,0,0,0,1
2020-09-09,"Prienų r.",0,0,1,0,0,0,0,0,0,1
2020-09-09,"Raseinių r.",0,0,1,0,0,0,0,0,0,1
2020-09-09,"Rokiškio r.",0,0,0,0,2,0,0,0,0,2
2020-09-09,"Šiaulių m.",0,0,1,2,3,0,1,0,0,7
2020-09-09,"Šilalės r.",0,1,0,0,0,0,0,0,0,1
2020-09-09,"Švenčionių r.",0,1,0,0,0,0,0,0,0,1
2020-09-09,"Tauragės r.",0,0,1,0,0,0,0,0,0,1
2020-09-09,"Utenos r.",0,0,0,0,0,1,0,0,0,1
2020-09-09,"Vilniaus m.",0,0,7,2,0,1,0,0,0,10
2020-09-09,"Vilniaus r.",0,1,1,0,0,0,0,0,0,2
2020-09-09,"Visagino m.",1,0,0,0,0,0,0,0,0,1
2020-09-09,"Total",1,3,12,5,9,4,2,0,0,36
2020-09-10,"Alytaus m.",0,0,0,0,1,0,0,0,0,1
2020-09-10,"Biržų r.",0,0,1,0,0,0,0,0,0,1
2020-09-10,"Jurbarko r.",0,0,0,0,0,1,0,0,0,1
2020-09-10,"Kėdainių r.",0,0,0,0,0,1,0,0,0,1
2020-09-10,"Klaipėdos m.",0,0,1,0,0,0,0,0,0,1
2020-09-10,"Klaipėdos r.",0,0,0,0,0,0,1,0,0,1
2020-09-10,"Kretingos r.",0,0,0,0,2,0,0,0,0,2
2020-09-10,"Marijampolės",0,0,0,0,0,1,0,0,0,1
2020-09-10,"Mažeikių r.",1,1,0,1,2,0,0,0,0,5
2020-09-10,"Šiaulių m.",0,0,0,2,4,4,3,0,0,13
2020-09-10,"Šiaulių r.",0,0,0,0,1,0,0,0,0,1
2020-09-10,"Švenčionių r.",0,0,0,0,0,1,0,0,0,1
2020-09-10,"Tauragės r.",0,0,2,0,0,0,0,0,0,2
2020-09-10,"Vilniaus m.",1,1,3,4,2,0,1,0,0,12
2020-09-10,"Vilniaus r.",0,0,0,0,1,0,0,0,0,1
2020-09-10,"Total",2,2,7,7,13,8,5,0,0,44
2020-09-11,"Alytaus m.",0,0,0,1,0,0,0,0,0,1
2020-09-11,"Jurbarko r.",1,0,0,1,0,0,0,0,0,2
2020-09-11,"Kauno m.",0,1,1,1,2,1,1,0,0,7
2020-09-11,"Kauno r.",0,0,0,0,0,2,0,0,0,2
2020-09-11,"Klaipėdos m.",0,0,0,2,0,0,0,0,0,2
2020-09-11,"Marijampolės",0,0,0,0,0,1,0,0,0,1
2020-09-11,"Panevėžio m.",0,2,0,2,2,1,1,0,0,8
2020-09-11,"Panevėžio r.",0,0,0,0,0,1,0,0,0,1
2020-09-11,"Raseinių r.",0,0,0,2,0,1,1,0,0,4
2020-09-11,"Šalčininkų r.",0,0,0,0,0,1,0,0,0,1
2020-09-11,"Šiaulių m.",1,1,3,1,2,0,2,0,0,10
2020-09-11,"Šiaulių r.",0,0,2,0,0,0,0,0,0,2
2020-09-11,"Šilutės r.",0,0,0,1,1,1,0,0,0,3
2020-09-11,"Skuodo r.",0,0,0,0,0,0,1,0,0,1
2020-09-11,"Vilniaus m.",1,0,3,4,0,0,0,0,0,8
2020-09-11,"Total",3,4,9,15,7,9,6,0,0,53
2020-09-12,"Akmenės r.",0,0,0,1,0,0,0,0,0,1
2020-09-12,"Alytaus m.",0,0,0,1,0,0,0,0,0,1
2020-09-12,"Elektrėnų",0,0,0,1,0,0,0,0,0,1
2020-09-12,"Jurbarko r.",0,0,0,0,0,2,0,0,0,2
2020-09-12,"Kauno m.",0,0,0,1,0,0,0,0,0,1
2020-09-12,"Klaipėdos m.",0,1,2,0,1,2,0,0,0,6
2020-09-12,"Kupiškio r.",0,0,0,0,0,1,0,0,0,1
2020-09-12,"Mažeikių r.",0,0,0,1,0,0,0,0,0,1
2020-09-12,"Plungės r.",0,0,1,1,1,0,0,0,0,3
2020-09-12,"Raseinių r.",0,0,0,0,0,0,1,0,0,1
2020-09-12,"Rokiškio r.",0,0,0,0,0,1,0,0,0,1
2020-09-12,"Šiaulių m.",0,0,0,0,0,0,1,0,0,1
2020-09-12,"Šiaulių r.",0,0,2,0,1,0,0,0,0,3
2020-09-12,"Skuodo r.",0,0,0,0,0,1,0,0,0,1
2020-09-12,"Tauragės r.",0,1,2,1,0,0,0,0,0,4
2020-09-12,"Telšių r.",0,0,0,0,0,1,0,0,0,1
2020-09-12,"Vilniaus m.",1,0,4,2,1,0,0,0,0,8
2020-09-12,"Vilniaus r.",0,1,0,1,0,0,0,0,0,2
2020-09-12,"Total",1,3,11,10,4,8,2,0,0,39
2020-09-13,"Jurbarko r.",0,0,0,0,0,0,0,1,0,1
2020-09-13,"Kauno m.",0,0,1,1,0,1,0,0,0,3
2020-09-13,"Klaipėdos m.",0,0,0,0,0,0,1,0,0,1
2020-09-13,"Klaipėdos r.",0,0,0,1,0,0,0,0,0,1
2020-09-13,"Mažeikių r.",0,1,0,0,0,0,1,0,0,2
2020-09-13,"Pagėgių",0,0,1,0,0,0,0,0,0,1
2020-09-13,"Raseinių r.",0,0,2,0,0,2,1,0,0,5
2020-09-13,"Rokiškio r.",0,1,0,0,1,2,1,0,0,5
2020-09-13,"Šalčininkų r.",0,0,0,0,0,1,0,0,0,1
2020-09-13,"Šiaulių m.",0,0,0,0,1,1,1,2,0,5
2020-09-13,"Šiaulių r.",1,0,1,0,0,0,0,0,0,2
2020-09-13,"Telšių r.",0,0,0,0,0,1,0,0,0,1
2020-09-13,"Varėnos r.",0,0,1,0,0,0,0,0,0,1
2020-09-13,"Vilniaus m.",0,5,7,1,5,1,1,0,0,20
2020-09-13,"Vilniaus r.",0,2,0,0,0,0,0,0,0,2
2020-09-13,"Total",1,9,13,3,7,9,6,3,0,51
2020-09-14,"Kauno m.",0,0,1,0,0,1,0,0,0,2
2020-09-14,"Klaipėdos m.",0,0,0,0,1,0,0,0,0,1
2020-09-14,"Mažeikių r.",0,0,0,0,1,0,0,0,0,1
2020-09-14,"Raseinių r.",0,0,1,0,2,1,0,0,0,4
2020-09-14,"Šalčininkų r.",0,0,0,0,0,0,0,1,0,1
2020-09-14,"Vilniaus m.",0,0,0,0,1,1,0,0,0,2
2020-09-14,"Total",0,0,2,0,5,3,0,1,0,11
2020-09-15,"Biržų r.",0,0,0,0,0,0,1,0,0,1
2020-09-15,"Elektrėnų",0,0,0,1,0,0,0,0,0,1
2020-09-15,"Jurbarko r.",0,0,0,1,2,0,0,0,0,3
2020-09-15,"Kauno m.",0,0,1,1,1,0,0,1,0,4
2020-09-15,"Kėdainių r.",0,0,0,0,0,0,1,0,0,1
2020-09-15,"Kelmės r.",0,0,0,0,0,0,1,0,0,1
2020-09-15,"Klaipėdos m.",0,0,1,1,0,1,0,0,0,3
2020-09-15,"Panevėžio m.",0,0,0,0,1,0,1,0,0,2
2020-09-15,"Pasvalio r.",0,0,0,0,0,1,0,0,0,1
2020-09-15,"Plungės r.",0,0,0,1,0,0,0,0,0,1
2020-09-15,"Radviliškio r.",0,0,1,0,1,0,1,0,0,3
2020-09-15,"Raseinių r.",0,0,1,0,0,0,0,0,0,1
2020-09-15,"Šiaulių m.",0,0,0,2,1,0,0,0,0,3
2020-09-15,"Švenčionių r.",0,1,0,0,0,0,0,0,0,1
2020-09-15,"Telšių r.",0,0,0,0,1,0,0,0,0,1
2020-09-15,"Ukmergės r.",0,0,0,0,1,0,0,0,0,1
2020-09-15,"Vilkaviškio r.",0,0,1,0,0,0,0,0,0,1
2020-09-15,"Vilniaus m.",0,3,5,2,1,3,1,0,0,15
2020-09-15,"Vilniaus r.",0,0,0,1,0,0,0,0,0,1
2020-09-15,"Total",0,4,10,10,9,5,6,1,0,45
2020-09-16,"Akmenės r.",0,0,0,1,1,0,0,0,0,2
2020-09-16,"Alytaus r.",0,0,0,0,0,1,0,0,0,1
2020-09-16,"Birštono",0,0,0,0,0,1,0,0,0,1
2020-09-16,"Biržų r.",0,0,0,0,0,0,0,1,0,1
2020-09-16,"Kauno m.",0,0,1,0,0,2,0,0,0,3
2020-09-16,"Kauno r.",0,0,1,0,0,0,0,0,0,1
2020-09-16,"Kėdainių r.",0,0,0,0,0,0,0,1,0,1
2020-09-16,"Kelmės r.",0,1,0,0,0,0,0,0,0,1
2020-09-16,"Klaipėdos m.",0,0,1,0,1,1,0,0,0,3
2020-09-16,"Kupiškio r.",0,0,0,1,0,0,0,0,0,1
2020-09-16,"Pakruojo r.",0,0,0,0,0,1,0,0,0,1
2020-09-16,"Panevėžio m.",0,0,0,0,0,0,0,0,1,1
2020-09-16,"Radviliškio r.",0,0,0,0,2,0,0,0,0,2
2020-09-16,"Raseinių r.",0,1,0,2,3,3,2,0,0,11
2020-09-16,"Šiaulių m.",0,1,1,0,2,2,0,0,0,6
2020-09-16,"Šiaulių r.",1,0,1,1,0,0,0,0,0,3
2020-09-16,"Švenčionių r.",0,0,0,0,2,0,0,0,0,2
2020-09-16,"Tauragės r.",0,0,1,0,0,0,0,0,0,1
2020-09-16,"Vilniaus m.",0,1,9,4,3,3,0,0,0,20
2020-09-16,"Total",1,4,15,9,14,14,2,2,1,62
2020-09-17,"Biržų r.",0,0,0,0,0,0,1,0,0,1
2020-09-17,"Elektrėnų",0,1,0,0,0,0,0,0,0,1
2020-09-17,"Kauno m.",0,1,2,0,0,0,2,0,0,5
2020-09-17,"Kauno r.",0,0,0,1,0,0,0,0,0,1
2020-09-17,"Kelmės r.",0,0,0,0,1,0,0,0,0,1
2020-09-17,"Klaipėdos m.",0,1,0,0,0,0,0,0,0,1
2020-09-17,"Marijampolės",0,0,0,0,0,0,1,0,0,1
2020-09-17,"Mažeikių r.",0,2,0,1,1,0,1,0,0,5
2020-09-17,"Pakruojo r.",0,0,0,0,1,0,0,0,0,1
2020-09-17,"Palangos m.",0,0,0,0,0,0,1,0,0,1
2020-09-17,"Panevėžio m.",0,0,0,0,2,0,0,0,0,2
2020-09-17,"Panevėžio r.",0,0,0,1,0,0,0,0,0,1
2020-09-17,"Plungės r.",0,0,2,1,0,0,0,0,0,3
2020-09-17,"Radviliškio r.",0,0,0,1,2,0,2,0,0,5
2020-09-17,"Raseinių r.",0,0,0,1,1,4,1,0,0,7
2020-09-17,"Šiaulių m.",0,0,1,0,0,0,1,0,0,2
2020-09-17,"Šiaulių r.",0,0,0,1,1,0,0,0,0,2
2020-09-17,"Švenčionių r.",0,0,0,0,1,0,1,0,0,2
2020-09-17,"Trakų r.",0,1,0,0,0,0,0,0,0,1
2020-09-17,"Ukmergės r.",0,0,0,0,0,2,0,0,0,2
2020-09-17,"Vilniaus m.",0,3,7,4,2,0,0,0,0,16
2020-09-17,"Total",0,9,12,11,12,6,11,0,0,61
2020-09-18,"Akmenės r.",1,0,0,1,1,0,0,0,0,3
2020-09-18,"Biržų r.",0,0,0,0,0,1,0,0,0,1
2020-09-18,"Elektrėnų",0,0,2,0,0,0,0,0,0,2
2020-09-18,"Kauno m.",0,1,0,0,1,1,0,0,0,3
2020-09-18,"Kauno r.",0,0,1,0,0,0,0,0,0,1
2020-09-18,"Kėdainių r.",0,0,0,0,0,1,0,0,0,1
2020-09-18,"Klaipėdos m.",0,0,0,1,0,0,0,0,0,1
2020-09-18,"Kupiškio r.",0,0,0,0,0,1,1,0,0,2
2020-09-18,"Marijampolės",0,0,0,0,1,0,0,0,0,1
2020-09-18,"Pakruojo r.",0,0,0,0,0,1,0,0,0,1
2020-09-18,"Panevėžio m.",0,0,0,0,1,0,0,0,0,1
2020-09-18,"Radviliškio r.",2,0,1,1,0,0,2,7,15,28
2020-09-18,"Raseinių r.",0,0,0,1,1,3,2,0,0,7
2020-09-18,"Rokiškio r.",0,0,0,1,0,0,0,0,0,1
2020-09-18,"Šalčininkų r.",0,0,0,0,0,0,0,1,0,1
2020-09-18,"Šiaulių m.",2,0,0,3,0,5,4,1,1,16
2020-09-18,"Šiaulių r.",0,0,1,0,0,0,0,0,0,1
2020-09-18,"Ukmergės r.",0,0,1,1,0,0,0,0,0,2
2020-09-18,"Vilniaus m.",1,1,11,5,4,2,0,0,0,24
2020-09-18,"Vilniaus r.",0,0,0,0,0,2,0,0,0,2
2020-09-18,"Total",6,2,17,14,9,17,9,9,16,99
2020-09-19,"Akmenės r.",0,0,0,1,0,0,0,0,0,1
2020-09-19,"Alytaus m.",0,0,0,0,1,0,0,0,0,1
2020-09-19,"Biržų r.",0,0,0,0,0,1,0,0,0,1
2020-09-19,"Kauno m.",0,0,3,1,0,2,0,3,0,9
2020-09-19,"Kauno r.",0,0,0,0,1,0,0,0,0,1
2020-09-19,"Kelmės r.",0,0,0,1,0,0,2,0,0,3
2020-09-19,"Klaipėdos m.",1,0,0,2,1,0,1,0,0,5
2020-09-19,"Kupiškio r.",0,0,0,0,0,0,1,0,0,1
2020-09-19,"Mažeikių r.",0,0,0,0,1,0,0,0,0,1
2020-09-19,"Palangos m.",0,0,0,0,0,1,0,0,0,1
2020-09-19,"Panevėžio m.",0,0,1,0,1,0,0,0,0,2
2020-09-19,"Panevėžio r.",0,0,0,0,2,0,0,0,0,2
2020-09-19,"Pasvalio r.",0,0,0,0,0,0,0,1,0,1
2020-09-19,"Radviliškio r.",1,1,1,1,5,4,4,0,2,19
2020-09-19,"Raseinių r.",0,0,0,1,3,1,0,0,0,5
2020-09-19,"Šiaulių m.",0,0,2,1,1,1,1,0,0,6
2020-09-19,"Šiaulių r.",0,0,1,0,0,0,0,0,1,2
2020-09-19,"Tauragės r.",0,0,1,0,0,0,0,0,0,1
2020-09-19,"Telšių r.",0,0,0,0,0,2,0,1,0,3
2020-09-19,"Ukmergės r.",0,1,0,1,1,0,0,0,0,3
2020-09-19,"Vilkaviškio r.",0,1,0,0,0,0,0,0,0,1
2020-09-19,"Vilniaus m.",0,0,0,3,4,1,0,0,0,8
2020-09-19,"Vilniaus r.",1,0,0,2,0,0,0,0,0,3
2020-09-19,"Total",3,3,9,14,21,13,9,5,3,80
2020-09-20,"Biržų r.",0,0,0,0,0,0,1,0,0,1
2020-09-20,"Kauno m.",0,0,0,0,2,0,0,0,0,2
2020-09-20,"Kelmės r.",0,1,0,1,0,2,1,0,0,5
2020-09-20,"Klaipėdos m.",0,0,0,0,0,0,1,0,0,1
2020-09-20,"Mažeikių r.",0,1,0,2,1,1,0,0,0,5
2020-09-20,"Panevėžio m.",0,0,0,0,0,1,0,0,0,1
2020-09-20,"Plungės r.",0,0,2,0,0,0,0,0,0,2
2020-09-20,"Radviliškio r.",0,0,0,0,0,1,0,1,4,6
2020-09-20,"Raseinių r.",0,0,0,1,1,1,2,0,0,5
2020-09-20,"Rokiškio r.",0,2,0,0,1,0,0,0,0,3
2020-09-20,"Šakių r.",0,0,0,0,1,0,0,0,0,1
2020-09-20,"Šiaulių m.",0,1,1,0,1,1,0,1,1,6
2020-09-20,"Šiaulių r.",0,0,1,0,0,0,0,0,0,1
2020-09-20,"Švenčionių r.",0,1,0,0,0,0,0,0,0,1
2020-09-20,"Ukmergės r.",0,0,2,0,0,0,0,0,0,2
2020-09-20,"Vilniaus m.",0,2,10,9,4,1,0,0,0,26
2020-09-20,"Vilniaus r.",0,1,1,0,0,0,0,0,0,2
2020-09-20,"Total",0,9,17,13,11,8,5,2,5,70
2020-09-21,"Alytaus m.",0,0,0,1,0,0,0,0,0,1
2020-09-21,"Kaišiadorių r.",0,0,1,0,0,0,0,0,0,1
2020-09-21,"Kauno m.",0,0,0,1,1,0,0,1,3,6
2020-09-21,"Kauno r.",0,0,0,0,1,0,0,0,0,1
2020-09-21,"Klaipėdos m.",0,0,0,0,0,0,1,0,0,1
2020-09-21,"Klaipėdos r.",0,0,0,0,0,0,0,0,1,1
2020-09-21,"Radviliškio r.",0,0,0,0,1,0,1,1,0,3
2020-09-21,"Raseinių r.",0,1,2,2,3,4,0,0,0,12
2020-09-21,"Šiaulių m.",0,0,0,0,1,2,1,0,0,4
2020-09-21,"Šiaulių r.",0,0,0,0,1,0,0,0,1,2
2020-09-21,"Vilniaus m.",0,1,3,1,3,1,0,0,0,9
2020-09-21,"Vilniaus r.",1,1,0,2,0,0,0,0,0,4
2020-09-21,"Total",1,3,6,7,11,7,3,2,5,45
2020-09-22,"Joniškio r.",0,0,0,0,0,0,0,1,0,1
2020-09-22,"Jurbarko r.",0,0,1,0,0,0,0,0,0,1
2020-09-22,"Kauno m.",0,4,2,3,1,1,0,0,0,11
2020-09-22,"Kauno r.",0,0,1,2,1,0,0,0,0,4
2020-09-22,"Kupiškio r.",0,0,1,0,0,2,0,0,0,3
2020-09-22,"Marijampolės",0,0,0,1,0,1,0,0,0,2
2020-09-22,"Pakruojo r.",0,0,0,0,0,0,0,1,0,1
2020-09-22,"Radviliškio r.",0,0,1,2,2,1,2,1,0,9
2020-09-22,"Raseinių r.",0,0,0,8,3,1,3,0,1,16
2020-09-22,"Šiaulių m.",0,0,1,1,1,3,2,0,3,11
2020-09-22,"Vilniaus m.",0,1,4,4,2,0,3,0,0,14
2020-09-22,"Total",0,5,11,21,10,9,10,3,4,73
2020-09-23,"Kauno m.",0,5,1,0,1,1,1,1,1,11
2020-09-23,"Kauno r.",0,0,0,1,0,0,0,0,0,1
2020-09-23,"Marijampolės",0,0,0,1,0,0,0,0,0,1
2020-09-23,"Pakruojo r.",0,0,0,0,0,1,0,0,0,1
2020-09-23,"Panevėžio m.",0,0,1,0,0,1,2,0,0,4
2020-09-23,"Radviliškio r.",0,0,0,0,0,6,5,6,10,27
2020-09-23,"Raseinių r.",1,1,0,6,4,7,0,2,4,25
2020-09-23,"Rokiškio r.",0,0,0,0,0,1,0,0,0,1
2020-09-23,"Šakių r.",0,0,0,0,0,0,1,0,0,1
2020-09-23,"Šiaulių m.",1,0,4,2,3,6,3,0,0,19
2020-09-23,"Šiaulių r.",0,0,0,2,0,7,3,0,1,13
2020-09-23,"Ukmergės r.",0,0,0,0,2,1,0,0,0,3
2020-09-23,"Utenos r.",0,0,0,0,0,1,0,0,0,1
2020-09-23,"Vilniaus m.",0,3,6,11,4,3,1,0,0,28
2020-09-23,"Vilniaus r.",0,0,0,1,1,0,0,0,0,2
2020-09-23,"Total",2,9,12,24,15,35,16,9,16,138
2020-09-24,"Akmenės r.",0,0,0,0,0,0,1,0,0,1
2020-09-24,"Ignalinos r.",0,0,0,0,1,0,0,0,0,1
2020-09-24,"Kaišiadorių r.",0,0,0,0,0,0,1,0,0,1
2020-09-24,"Kauno m.",0,4,1,1,3,0,1,0,0,10
2020-09-24,"Kauno r.",0,0,0,1,0,0,0,0,0,1
2020-09-24,"Kėdainių r.",0,0,0,0,0,0,0,1,0,1
2020-09-24,"Klaipėdos m.",0,0,0,2,1,3,0,0,1,7
2020-09-24,"Marijampolės",0,0,0,1,0,0,0,0,0,1
2020-09-24,"Pakruojo r.",0,0,0,0,0,0,0,1,0,1
2020-09-24,"Panevėžio r.",0,0,0,1,0,0,0,0,0,1
2020-09-24,"Pasvalio r.",0,0,0,0,2,0,0,0,0,2
2020-09-24,"Radviliškio r.",0,1,0,2,0,2,1,0,0,6
2020-09-24,"Raseinių r.",1,1,1,8,7,7,3,1,1,30
2020-09-24,"Šiaulių m.",0,0,1,1,1,1,3,1,0,8
2020-09-24,"Šiaulių r.",0,0,0,0,0,1,0,1,4,6
2020-09-24,"Ukmergės r.",0,0,0,0,1,0,0,0,0,1
2020-09-24,"Utenos r.",0,0,0,1,0,0,0,0,0,1
2020-09-24,"Vilniaus m.",0,1,12,6,8,6,1,0,1,35
2020-09-24,"Total",1,7,15,24,24,20,11,5,7,114
2020-09-25,"Jurbarko r.",0,0,0,0,0,0,0,1,0,1
2020-09-25,"Kauno m.",0,1,0,0,4,0,0,0,0,5
2020-09-25,"Kauno r.",0,1,0,0,1,1,0,0,0,3
2020-09-25,"Klaipėdos m.",0,0,0,0,1,0,0,0,0,1
2020-09-25,"Kupiškio r.",1,0,0,0,0,0,0,0,0,1
2020-09-25,"Mažeikių r.",0,1,0,0,1,0,0,0,0,2
2020-09-25,"Panevėžio m.",0,0,1,1,0,0,0,1,0,3
2020-09-25,"Radviliškio r.",0,0,0,0,3,3,1,2,0,9
2020-09-25,"Raseinių r.",3,1,3,13,9,11,9,2,2,53
2020-09-25,"Šiaulių m.",0,0,1,2,1,5,2,0,0,11
2020-09-25,"Šiaulių r.",0,0,0,0,1,1,0,0,1,3
2020-09-25,"Telšių r.",0,1,1,0,0,0,1,0,0,3
2020-09-25,"Trakų r.",0,0,1,0,0,0,0,0,0,1
2020-09-25,"Ukmergės r.",1,1,0,0,0,0,0,0,0,2
2020-09-25,"Vilniaus m.",0,3,1,7,1,1,0,0,0,13
2020-09-25,"Total",5,9,8,23,22,22,13,6,3,111
2020-09-26,"Akmenės r.",0,0,0,0,0,1,0,0,0,1
2020-09-26,"Elektrėnų",0,0,1,0,0,0,0,0,0,1
2020-09-26,"Jurbarko r.",0,0,0,0,1,0,0,0,0,1
2020-09-26,"Kauno m.",0,2,1,3,2,2,1,0,0,11
2020-09-26,"Kauno r.",0,0,0,1,0,0,0,0,0,1
2020-09-26,"Kėdainių r.",1,0,1,0,3,2,0,0,0,7
2020-09-26,"Kelmės r.",0,1,0,0,0,2,0,0,0,3
2020-09-26,"Klaipėdos m.",0,0,0,0,0,0,1,0,0,1
2020-09-26,"Mažeikių r.",0,0,0,2,1,0,0,0,0,3
2020-09-26,"Panevėžio m.",0,3,2,2,0,0,1,0,0,8
2020-09-26,"Panevėžio r.",0,0,0,1,0,0,0,0,0,1
2020-09-26,"Radviliškio r.",0,0,0,0,1,0,0,0,0,1
2020-09-26,"Raseinių r.",0,2,0,3,0,5,2,1,2,15
2020-09-26,"Šakių r.",0,0,0,1,0,0,0,0,0,1
2020-09-26,"Šiaulių m.",0,0,2,0,4,3,1,0,1,11
2020-09-26,"Šiaulių r.",0,0,0,0,2,0,0,0,0,2
2020-09-26,"Telšių r.",0,0,0,1,1,0,0,0,0,2
2020-09-26,"Trakų r.",0,0,1,0,0,0,0,0,0,1
2020-09-26,"Vilniaus m.",1,0,6,6,3,1,0,0,0,17
2020-09-26,"Vilniaus r.",0,0,0,1,0,0,0,1,0,2
2020-09-26,"Visagino m.",0,0,0,0,0,0,0,1,0,1
2020-09-26,"Total",2,8,14,21,18,16,6,3,3,91
2020-09-27,"Elektrėnų",0,0,0,1,0,0,0,0,0,1
2020-09-27,"Kauno m.",1,0,1,2,1,0,1,0,0,6
2020-09-27,"Kauno r.",1,1,1,0,2,0,0,0,0,5
2020-09-27,"Kelmės r.",0,0,1,0,1,1,0,1,0,4
2020-09-27,"Panevėžio m.",0,0,1,0,1,0,0,0,0,2
2020-09-27,"Pasvalio r.",0,0,0,0,0,1,0,0,0,1
2020-09-27,"Radviliškio r.",0,0,0,0,0,0,1,0,0,1
2020-09-27,"Raseinių r.",3,2,3,4,8,9,3,0,0,32
2020-09-27,"Šiaulių m.",0,1,1,4,5,7,0,0,0,18
2020-09-27,"Šiaulių r.",1,0,1,2,0,1,0,1,0,6
2020-09-27,"Skuodo r.",0,0,0,1,0,0,0,0,0,1
2020-09-27,"Vilniaus m.",1,0,6,3,4,7,3,2,0,26
2020-09-27,"Vilniaus r.",0,0,0,1,0,0,0,0,0,1
2020-09-27,"Total",7,4,15,18,22,26,8,4,0,104
2020-09-28,"Kaišiadorių r.",0,1,0,0,0,0,0,0,0,1
2020-09-28,"Kauno m.",0,2,0,5,5,0,1,0,0,13
2020-09-28,"Kauno r.",1,0,0,1,0,1,0,1,0,4
2020-09-28,"Kėdainių r.",0,0,0,0,0,1,0,0,0,1
2020-09-28,"Kelmės r.",0,0,0,1,0,0,0,0,1,2
2020-09-28,"Mažeikių r.",0,0,0,0,0,0,0,1,0,1
2020-09-28,"Radviliškio r.",0,0,4,0,4,6,7,0,1,22
2020-09-28,"Raseinių r.",0,1,0,1,2,4,2,0,0,10
2020-09-28,"Šiaulių m.",1,0,2,3,0,1,2,2,1,12
2020-09-28,"Šiaulių r.",0,0,1,2,1,3,0,0,0,7
2020-09-28,"Vilniaus m.",0,1,3,3,5,0,0,1,0,13
2020-09-28,"Vilniaus r.",0,0,0,1,0,0,1,0,0,2
2020-09-28,"Total",2,5,10,17,17,16,13,5,3,88
2020-09-29,"Akmenės r.",0,0,0,0,0,1,0,0,0,1
2020-09-29,"Druskininkų",0,0,0,0,1,0,1,0,0,2
2020-09-29,"Kauno m.",0,1,8,3,4,1,1,0,0,18
2020-09-29,"Kauno r.",0,0,0,1,4,1,0,0,0,6
2020-09-29,"Kelmės r.",0,0,0,1,1,0,0,0,0,2
2020-09-29,"Klaipėdos m.",0,0,1,1,0,1,0,0,0,3
2020-09-29,"Klaipėdos r.",1,0,1,1,0,0,0,0,0,3
2020-09-29,"Marijampolės",0,0,0,0,0,0,1,0,0,1
2020-09-29,"Mažeikių r.",0,1,0,1,1,1,1,0,0,5
2020-09-29,"Panevėžio m.",0,0,0,0,1,0,0,0,0,1
2020-09-29,"Panevėžio r.",0,0,1,2,0,0,0,0,0,3
2020-09-29,"Radviliškio r.",0,0,0,1,0,1,0,0,0,2
2020-09-29,"Raseinių r.",0,3,4,3,4,5,7,2,2,30
2020-09-29,"Šiaulių m.",1,0,0,1,0,4,0,4,0,10
2020-09-29,"Šiaulių r.",0,0,1,0,0,0,2,0,1,4
2020-09-29,"Telšių r.",0,0,0,0,0,0,1,0,0,1
2020-09-29,"Vilniaus m.",3,1,6,4,2,1,0,1,1,19
2020-09-29,"Vilniaus r.",0,0,0,1,2,0,0,1,0,4
2020-09-29,"Total",5,6,22,20,20,16,14,8,4,115
2020-09-30,"Anykščių r.",0,0,1,0,0,0,0,0,0,1
2020-09-30,"Druskininkų",0,0,1,0,0,0,0,0,0,1
2020-09-30,"Elektrėnų",1,0,0,1,0,0,0,0,0,2
2020-09-30,"Kauno m.",0,1,3,1,7,4,1,1,0,18
2020-09-30,"Kauno r.",0,0,1,1,0,1,1,0,0,4
2020-09-30,"Kelmės r.",0,0,0,0,0,1,1,0,0,2
2020-09-30,"Marijampolės",0,0,0,0,1,0,0,0,0,1
2020-09-30,"Mažeikių r.",0,0,0,0,0,0,1,0,0,1
2020-09-30,"Pakruojo r.",0,0,0,0,0,1,0,0,0,1
2020-09-30,"Panevėžio m.",0,3,1,1,1,0,0,0,0,6
2020-09-30,"Panevėžio r.",0,1,0,0,0,0,0,0,0,1
2020-09-30,"Radviliškio r.",0,1,1,1,1,2,1,0,0,7
2020-09-30,"Raseinių r.",2,5,0,3,1,7,3,1,1,23
2020-09-30,"Šiaulių m.",0,0,1,2,0,0,1,1,0,5
2020-09-30,"Šiaulių r.",0,3,0,0,0,1,0,0,0,4
2020-09-30,"Tauragės r.",0,0,0,0,0,0,1,0,0,1
2020-09-30,"Vilniaus m.",0,0,4,3,0,1,2,0,0,10
2020-09-30,"Vilniaus r.",0,0,1,0,1,1,0,0,0,3
2020-09-30,"Total",3,14,14,13,12,19,12,3,1,91
2020-10-01,"Druskininkų",0,0,1,1,0,1,1,0,0,4
2020-10-01,"Elektrėnų",0,0,0,1,0,0,0,0,0,1
2020-10-01,"Kauno m.",4,0,4,3,2,3,1,2,0,19
2020-10-01,"Kauno r.",0,0,0,1,2,1,0,0,0,4
2020-10-01,"Kėdainių r.",0,0,0,0,0,2,0,0,0,2
2020-10-01,"Kelmės r.",0,0,0,2,0,1,1,0,0,4
2020-10-01,"Klaipėdos m.",0,0,1,1,0,1,0,0,0,3
2020-10-01,"Klaipėdos r.",2,0,0,1,1,0,0,0,0,4
2020-10-01,"Molėtų r.",0,0,1,0,0,0,0,0,0,1
2020-10-01,"Palangos m.",0,0,0,0,0,0,0,1,0,1
2020-10-01,"Pasvalio r.",0,0,1,0,0,0,0,0,0,1
2020-10-01,"Radviliškio r.",0,0,0,2,3,10,4,2,1,22
2020-10-01,"Raseinių r.",0,1,2,2,5,10,7,12,10,49
2020-10-01,"Rietavo",0,0,0,1,0,0,0,0,0,1
2020-10-01,"Šiaulių m.",0,2,5,2,3,5,2,0,0,19
2020-10-01,"Šiaulių r.",0,0,0,0,0,1,3,2,1,7
2020-10-01,"Šilutės r.",0,0,1,0,0,0,0,0,0,1
2020-10-01,"Utenos r.",0,0,0,0,0,1,0,0,0,1
2020-10-01,"Varėnos r.",0,0,0,0,1,0,0,0,0,1
2020-10-01,"Vilniaus m.",1,0,7,6,5,2,0,2,0,23
2020-10-01,"Vilniaus r.",0,0,0,0,2,0,1,0,0,3
2020-10-01,"Zarasų r.",0,0,0,0,0,0,1,0,0,1
2020-10-01,"Total",7,3,23,23,24,38,21,21,12,172
2020-10-02,"Akmenės r.",1,0,0,0,0,0,0,0,1,2
2020-10-02,"Jonavos r.",0,0,0,0,0,2,0,0,1,3
2020-10-02,"Kauno m.",1,0,3,5,2,2,1,0,0,14
2020-10-02,"Kauno r.",0,1,1,1,0,0,1,0,0,4
2020-10-02,"Kelmės r.",0,0,0,0,1,3,1,0,0,5
2020-10-02,"Kretingos r.",0,0,0,0,1,0,0,0,0,1
2020-10-02,"Mažeikių r.",0,0,0,0,0,1,1,0,0,2
2020-10-02,"Panevėžio m.",0,3,0,0,1,1,1,0,0,6
2020-10-02,"Radviliškio r.",1,0,0,1,4,2,3,1,1,13
2020-10-02,"Raseinių r.",0,1,1,2,2,9,3,0,0,18
2020-10-02,"Šiaulių m.",0,5,5,4,5,5,1,1,0,26
2020-10-02,"Šiaulių r.",0,0,1,2,2,0,0,1,0,6
2020-10-02,"Šilalės r.",0,0,0,0,1,0,0,0,0,1
2020-10-02,"Trakų r.",0,0,0,0,1,0,0,0,0,1
2020-10-02,"Vilniaus m.",1,0,4,4,5,3,0,0,1,18
2020-10-02,"Vilniaus r.",0,0,0,1,1,2,1,0,0,5
2020-10-02,"Total",4,10,15,20,26,30,13,3,4,125
2020-10-03,"Kauno m.",2,0,0,2,3,1,0,0,0,8
2020-10-03,"Kauno r.",0,0,0,1,1,1,0,0,0,3
2020-10-03,"Kelmės r.",0,0,0,0,0,0,1,0,0,1
2020-10-03,"Klaipėdos m.",0,0,0,2,2,0,1,0,0,5
2020-10-03,"Marijampolės",0,0,0,0,0,1,0,0,0,1
2020-10-03,"Panevėžio r.",0,0,0,0,0,1,0,0,0,1
2020-10-03,"Radviliškio r.",0,2,0,3,3,8,0,2,0,18
2020-10-03,"Raseinių r.",0,0,1,1,3,5,1,0,1,12
2020-10-03,"Šakių r.",0,0,0,0,0,1,0,0,0,1
2020-10-03,"Šiaulių m.",1,2,5,1,3,0,2,0,1,15
2020-10-03,"Šiaulių r.",1,0,0,1,1,2,0,1,0,6
2020-10-03,"Skuodo r.",0,0,1,0,0,0,0,0,0,1
2020-10-03,"Utenos r.",0,1,0,0,1,0,0,0,0,2
2020-10-03,"Vilniaus m.",0,2,5,7,3,5,5,0,1,28
2020-10-03,"Vilniaus r.",0,0,0,0,1,0,0,0,0,1
2020-10-03,"Visagino m.",0,1,0,0,0,0,0,0,0,1
2020-10-03,"Total",4,8,12,18,21,25,10,3,3,104
2020-10-04,"Druskininkų",0,0,0,2,0,0,0,0,0,2
2020-10-04,"Elektrėnų",0,1,0,0,0,0,1,0,0,2
2020-10-04,"Jurbarko r.",0,0,0,1,0,0,0,0,0,1
2020-10-04,"Kaišiadorių r.",0,0,0,0,2,0,0,0,0,2
2020-10-04,"Kauno m.",1,0,0,4,1,2,0,0,0,8
2020-10-04,"Kauno r.",1,2,0,3,1,0,0,0,0,7
2020-10-04,"Kėdainių r.",0,0,0,0,0,1,0,0,0,1
2020-10-04,"Kelmės r.",0,0,0,0,2,1,0,1,0,4
2020-10-04,"Klaipėdos m.",0,0,0,0,0,1,0,0,0,1
2020-10-04,"Klaipėdos r.",0,1,0,0,0,0,0,0,0,1
2020-10-04,"Kupiškio r.",0,0,0,0,0,1,0,0,0,1
2020-10-04,"Lazdijų r.",0,0,0,0,0,0,1,0,0,1
2020-10-04,"Pakruojo r.",0,0,0,0,0,0,1,0,0,1
2020-10-04,"Panevėžio m.",0,1,0,0,0,1,1,0,0,3
2020-10-04,"Panevėžio r.",0,0,0,0,0,0,0,1,0,1
2020-10-04,"Radviliškio r.",0,0,0,0,0,1,0,0,0,1
2020-10-04,"Raseinių r.",1,0,2,1,7,3,6,0,1,21
2020-10-04,"Rietavo",0,0,0,1,0,0,0,0,0,1
2020-10-04,"Šiaulių m.",0,0,5,2,0,4,2,0,0,13
2020-10-04,"Šiaulių r.",0,0,1,0,0,0,1,0,0,2
2020-10-04,"Švenčionių r.",0,1,0,0,0,0,0,0,0,1
2020-10-04,"Varėnos r.",0,0,0,0,0,1,0,0,0,1
2020-10-04,"Vilniaus m.",0,0,5,7,6,3,1,0,0,22
2020-10-04,"Vilniaus r.",0,0,0,1,1,0,0,0,0,2
2020-10-04,"Total",3,6,13,22,20,19,14,2,1,100
2020-10-05,"Druskininkų",0,1,0,0,0,0,0,0,0,1
2020-10-05,"Elektrėnų",1,2,0,2,0,0,0,0,0,5
2020-10-05,"Jonavos r.",0,0,0,0,0,0,1,0,0,1
2020-10-05,"Joniškio r.",0,0,0,1,0,0,0,0,0,1
2020-10-05,"Jurbarko r.",0,0,1,0,0,0,0,1,0,2
2020-10-05,"Kauno m.",1,2,2,1,3,3,1,0,0,13
2020-10-05,"Kauno r.",0,0,0,1,2,3,0,0,0,6
2020-10-05,"Kelmės r.",0,0,0,0,0,0,1,0,0,1
2020-10-05,"Mažeikių r.",0,0,1,0,0,0,0,0,0,1
2020-10-05,"Panevėžio r.",0,0,0,0,0,0,1,0,0,1
2020-10-05,"Prienų r.",0,0,0,0,1,0,0,0,0,1
2020-10-05,"Radviliškio r.",0,0,0,0,1,1,0,0,0,2
2020-10-05,"Raseinių r.",0,1,1,2,0,2,4,0,0,10
2020-10-05,"Šiaulių m.",0,0,2,0,0,1,1,0,0,4
2020-10-05,"Šiaulių r.",0,0,1,0,0,2,1,0,0,4
2020-10-05,"Tauragės r.",0,0,0,0,0,1,0,0,0,1
2020-10-05,"Trakų r.",0,0,0,0,0,1,0,0,0,1
2020-10-05,"Vilniaus m.",2,0,7,9,2,1,0,1,0,22
2020-10-05,"Vilniaus r.",1,0,0,1,0,1,1,0,0,4
2020-10-05,"Total",5,6,15,17,9,16,11,2,0,81
2020-10-06,"Druskininkų",0,0,0,1,0,0,0,0,0,1
2020-10-06,"Elektrėnų",0,1,0,0,0,0,0,0,0,1
2020-10-06,"Jonavos r.",0,0,1,0,0,0,0,0,0,1
2020-10-06,"Jurbarko r.",0,0,1,0,0,0,0,0,0,1
2020-10-06,"Kauno m.",1,0,3,1,3,6,3,1,1,19
2020-10-06,"Kauno r.",0,0,0,0,0,0,1,0,0,1
2020-10-06,"Kėdainių r.",0,0,0,0,0,1,0,0,0,1
2020-10-06,"Kelmės r.",0,1,1,0,0,1,2,0,0,5
2020-10-06,"Klaipėdos m.",0,0,1,1,1,0,0,0,0,3
2020-10-06,"Kretingos r.",0,0,0,0,1,0,0,0,0,1
2020-10-06,"Lazdijų r.",0,0,0,0,0,1,0,0,0,1
2020-10-06,"Mažeikių r.",0,0,0,1,1,0,0,0,0,2
2020-10-06,"Molėtų r.",0,0,0,0,0,0,0,1,0,1
2020-10-06,"Neringos",0,0,0,0,0,0,0,1,0,1
2020-10-06,"Pagėgių",0,0,0,0,0,1,0,0,0,1
2020-10-06,"Raseinių r.",0,2,1,5,7,7,9,0,2,33
2020-10-06,"Rietavo",0,1,0,0,1,1,0,0,0,3
2020-10-06,"Šiaulių m.",0,0,2,0,1,1,1,0,1,6
2020-10-06,"Šiaulių r.",0,0,0,0,1,0,0,0,1,2
2020-10-06,"Šilalės r.",0,0,0,1,0,3,0,0,0,4
2020-10-06,"Švenčionių r.",0,0,0,0,0,0,0,1,0,1
2020-10-06,"Tauragės r.",0,0,0,1,0,1,1,0,0,3
2020-10-06,"Vilniaus m.",0,1,7,8,1,1,3,1,0,22
2020-10-06,"Vilniaus r.",0,0,1,0,0,1,0,0,0,2
2020-10-06,"Total",1,6,18,19,17,25,20,5,5,116
2020-10-07,"Elektrėnų",0,1,0,1,0,0,0,0,0,2
2020-10-07,"Kauno m.",2,1,6,1,3,5,3,1,0,22
2020-10-07,"Kauno r.",0,1,0,1,1,2,1,0,0,6
2020-10-07,"Kelmės r.",0,2,0,0,2,1,1,0,0,6
2020-10-07,"Klaipėdos m.",0,0,0,2,0,4,4,0,0,10
2020-10-07,"Kretingos r.",0,0,0,0,1,0,0,0,0,1
2020-10-07,"Palangos m.",0,0,0,0,0,0,0,1,0,1
2020-10-07,"Panevėžio m.",1,1,1,0,1,1,0,0,0,5
2020-10-07,"Panevėžio r.",0,0,0,0,0,0,1,0,0,1
2020-10-07,"Plungės r.",0,0,0,0,0,1,0,0,0,1
2020-10-07,"Radviliškio r.",0,0,0,2,0,0,2,0,0,4
2020-10-07,"Raseinių r.",0,0,0,1,5,4,3,4,7,24
2020-10-07,"Rietavo",0,0,0,0,0,0,0,1,0,1
2020-10-07,"Rokiškio r.",0,0,0,0,0,0,1,0,0,1
2020-10-07,"Šiaulių m.",0,1,2,3,3,4,2,0,2,17
2020-10-07,"Šiaulių r.",0,0,0,1,1,1,0,1,0,4
2020-10-07,"Šilalės r.",0,0,0,0,1,0,0,0,0,1
2020-10-07,"Utenos r.",0,1,0,0,1,0,0,0,0,2
2020-10-07,"Vilniaus m.",3,1,8,9,6,2,0,0,0,29
2020-10-07,"Vilniaus r.",0,0,1,0,1,1,0,0,0,3
2020-10-07,"Visagino m.",0,1,0,0,0,0,0,0,0,1
2020-10-07,"Total",6,10,18,21,26,26,18,8,9,142
2020-10-08,"Druskininkų",0,0,0,1,0,1,0,0,0,2
2020-10-08,"Elektrėnų",0,0,0,2,0,0,0,0,0,2
2020-10-08,"Joniškio r.",0,0,0,0,0,1,0,0,0,1
2020-10-08,"Kauno m.",1,0,4,3,4,0,4,0,0,16
2020-10-08,"Kauno r.",0,0,1,2,2,2,2,0,0,9
2020-10-08,"Kėdainių r.",0,0,0,0,0,1,0,0,0,1
2020-10-08,"Kelmės r.",0,0,0,1,0,1,1,0,0,3
2020-10-08,"Klaipėdos m.",0,0,1,1,1,0,1,0,0,4
2020-10-08,"Klaipėdos r.",0,0,0,2,0,0,0,0,0,2
2020-10-08,"Marijampolės",0,0,0,0,2,0,0,0,0,2
2020-10-08,"Palangos m.",0,0,0,0,0,2,0,0,0,2
2020-10-08,"Panevėžio m.",0,0,1,1,0,0,0,0,0,2
2020-10-08,"Plungės r.",0,0,0,0,1,0,0,0,0,1
2020-10-08,"Radviliškio r.",0,0,0,1,1,0,0,0,0,2
2020-10-08,"Raseinių r.",0,4,1,5,8,7,4,1,0,30
2020-10-08,"Šakių r.",0,0,0,0,0,1,0,0,0,1
2020-10-08,"Šalčininkų r.",1,0,0,0,0,0,0,0,0,1
2020-10-08,"Šiaulių m.",0,0,0,1,0,2,2,0,1,6
2020-10-08,"Šiaulių r.",0,0,1,0,0,0,0,0,0,1
2020-10-08,"Šilalės r.",0,0,0,0,0,1,0,0,0,1
2020-10-08,"Šilutės r.",0,0,0,0,1,0,1,0,0,2
2020-10-08,"Skuodo r.",0,0,0,0,0,0,1,0,0,1
2020-10-08,"Švenčionių r.",0,0,0,0,0,0,0,0,1,1
2020-10-08,"Telšių r.",0,0,1,0,0,0,0,0,0,1
2020-10-08,"Vilniaus m.",3,2,7,9,11,0,0,0,0,32
2020-10-08,"Vilniaus r.",0,0,1,1,1,1,0,2,0,6
2020-10-08,"Visagino m.",0,0,0,0,1,0,0,0,0,1
2020-10-08,"Total",5,6,18,30,33,20,16,3,2,133
2020-10-09,"Alytaus m.",0,0,0,0,0,2,0,0,0,2
2020-10-09,"Druskininkų",0,1,0,0,0,2,0,0,0,3
2020-10-09,"Elektrėnų",0,0,1,2,0,1,0,0,0,4
2020-10-09,"Jonavos r.",0,0,0,0,1,0,0,0,0,1
2020-10-09,"Kaišiadorių r.",0,0,0,0,1,0,0,0,0,1
2020-10-09,"Kauno m.",1,2,5,5,3,1,2,1,1,21
2020-10-09,"Kauno r.",0,0,1,0,0,1,1,0,1,4
2020-10-09,"Kelmės r.",0,2,0,2,0,2,3,1,0,10
2020-10-09,"Klaipėdos m.",1,0,1,0,1,5,0,0,0,8
2020-10-09,"Klaipėdos r.",1,0,0,0,0,1,1,0,0,3
2020-10-09,"Kretingos r.",0,0,0,0,0,0,0,1,0,1
2020-10-09,"Mažeikių r.",0,0,0,0,0,1,0,0,0,1
2020-10-09,"Pakruojo r.",0,0,0,0,0,0,0,1,0,1
2020-10-09,"Palangos m.",0,0,0,0,0,0,0,1,0,1
2020-10-09,"Panevėžio r.",0,0,0,0,0,1,0,0,0,1
2020-10-09,"Plungės r.",0,0,0,0,1,0,2,0,0,3
2020-10-09,"Radviliškio r.",1,0,0,0,1,0,1,3,1,7
2020-10-09,"Raseinių r.",2,1,2,4,5,5,3,0,0,22
2020-10-09,"Rietavo",0,1,0,0,0,0,0,0,0,1
2020-10-09,"Šakių r.",0,0,0,3,1,1,1,0,0,6
2020-10-09,"Šiaulių m.",0,0,2,6,3,8,1,0,0,20
2020-10-09,"Šiaulių r.",0,4,0,0,4,6,5,0,7,26
2020-10-09,"Šilalės r.",0,0,0,0,1,2,1,0,0,4
2020-10-09,"Širvintų r.",0,0,0,0,0,0,1,0,0,1
2020-10-09,"Skuodo r.",0,0,0,0,1,0,0,0,0,1
2020-10-09,"Švenčionių r.",0,0,0,1,2,1,0,0,0,4
2020-10-09,"Telšių r.",0,0,0,0,2,1,0,0,0,3
2020-10-09,"Trakų r.",0,0,0,0,1,0,0,0,0,1
2020-10-09,"Ukmergės r.",0,0,0,0,0,1,0,0,0,1
2020-10-09,"Utenos r.",1,0,0,0,0,0,0,0,0,1
2020-10-09,"Varėnos r.",0,0,0,0,0,0,1,0,0,1
2020-10-09,"Vilkaviškio r.",0,0,0,0,0,1,0,0,0,1
2020-10-09,"Vilniaus m.",3,4,5,7,8,2,3,1,0,33
2020-10-09,"Vilniaus r.",1,1,1,3,1,0,0,0,0,7
2020-10-09,"Total",11,16,18,33,37,45,26,9,10,205
2020-10-10,"Alytaus m.",0,0,0,0,0,0,0,1,0,1
2020-10-10,"Druskininkų",0,0,0,0,2,0,0,0,0,2
2020-10-10,"Joniškio r.",0,2,7,3,1,4,1,0,0,18
2020-10-10,"Jurbarko r.",0,1,0,0,0,1,0,0,0,2
2020-10-10,"Kauno m.",1,3,2,2,4,2,1,0,0,15
2020-10-10,"Kauno r.",0,0,1,0,0,1,0,0,0,2
2020-10-10,"Kazlų Rūdos",0,0,0,1,0,0,0,0,0,1
2020-10-10,"Kelmės r.",0,1,0,2,2,0,1,0,0,6
2020-10-10,"Klaipėdos m.",0,0,0,1,0,1,2,0,0,4
2020-10-10,"Klaipėdos r.",0,0,0,1,0,0,0,0,0,1
2020-10-10,"Marijampolės",0,0,0,0,0,0,0,1,0,1
2020-10-10,"Panevėžio m.",0,0,0,0,0,1,0,0,0,1
2020-10-10,"Panevėžio r.",0,1,0,0,1,0,0,0,0,2
2020-10-10,"Pasvalio r.",0,0,0,0,1,0,0,0,0,1
2020-10-10,"Plungės r.",0,1,1,1,0,1,1,0,0,5
2020-10-10,"Radviliškio r.",0,0,0,0,0,2,1,0,0,3
2020-10-10,"Raseinių r.",0,4,3,3,6,5,1,1,0,23
2020-10-10,"Rokiškio r.",0,0,0,0,1,0,0,0,0,1
2020-10-10,"Šakių r.",0,0,0,0,1,2,0,0,0,3
2020-10-10,"Šiaulių m.",0,2,3,3,1,6,4,1,0,20
2020-10-10,"Skuodo r.",0,1,0,0,1,4,0,0,0,6
2020-10-10,"Švenčionių r.",0,3,0,0,0,1,1,0,0,5
2020-10-10,"Tauragės r.",0,0,0,0,0,1,0,0,0,1
2020-10-10,"Utenos r.",1,0,0,0,0,1,0,0,0,2
2020-10-10,"Vilniaus m.",2,4,7,5,9,0,2,1,0,30
2020-10-10,"Vilniaus r.",1,0,0,0,3,0,0,0,0,4
2020-10-10,"Total",5,23,24,22,33,33,15,5,0,160
