"day","vaccine_name","vaccines_arrived","vaccines_allocated"
2023-10-15,"visos",0,0
2023-10-15,"Pfizer-BioNTech",0,0
2023-10-16,"visos",8640,0
2023-10-16,"Pfizer-BioNTech",8640,0
2023-10-16,"Novavax",0,0
2023-10-16,"Moderna",0,0
2023-10-16,"Johnson & Johnson",0,0
2023-10-16,"AstraZeneca",0,0
2023-10-17,"visos",0,0
2023-10-17,"Pfizer-BioNTech",0,0
2023-10-17,"Novavax",0,0
2023-10-17,"Moderna",0,0
2023-10-17,"Johnson & Johnson",0,0
2023-10-17,"AstraZeneca",0,0
2023-10-18,"visos",0,0
2023-10-18,"Pfizer-BioNTech",0,0
2023-10-18,"Novavax",0,0
2023-10-18,"Moderna",0,0
2023-10-18,"Johnson & Johnson",0,0
2023-10-18,"AstraZeneca",0,0
2023-10-19,"visos",0,0
2023-10-19,"Pfizer-BioNTech",0,0
2023-10-19,"Novavax",0,0
2023-10-19,"Moderna",0,0
2023-10-19,"Johnson & Johnson",0,0
2023-10-19,"AstraZeneca",0,0
2023-10-20,"visos",0,15940
2023-10-20,"Pfizer-BioNTech",0,15940
2023-10-20,"Novavax",0,0
2023-10-20,"Moderna",0,0
2023-10-20,"Johnson & Johnson",0,0
2023-10-20,"AstraZeneca",0,0
2023-10-21,"visos",0,0
2023-10-21,"Pfizer-BioNTech",0,0
2023-10-21,"Novavax",0,0
2023-10-21,"Moderna",0,0
2023-10-21,"Johnson & Johnson",0,0
2023-10-21,"AstraZeneca",0,0
2023-10-22,"visos",0,0
2023-10-22,"Pfizer-BioNTech",0,0
2023-10-22,"Novavax",0,0
2023-10-22,"Moderna",0,0
2023-10-22,"Johnson & Johnson",0,0
2023-10-22,"AstraZeneca",0,0
2023-10-23,"visos",8640,0
2023-10-23,"Pfizer-BioNTech",8640,0
2023-10-23,"Novavax",0,0
2023-10-23,"Moderna",0,0
2023-10-23,"Johnson & Johnson",0,0
2023-10-23,"AstraZeneca",0,0
2023-10-24,"visos",0,0
2023-10-24,"Pfizer-BioNTech",0,0
2023-10-24,"Novavax",0,0
2023-10-24,"Moderna",0,0
2023-10-24,"Johnson & Johnson",0,0
2023-10-24,"AstraZeneca",0,0
2023-10-25,"visos",0,0
2023-10-25,"Pfizer-BioNTech",0,0
2023-10-25,"Novavax",0,0
2023-10-25,"Moderna",0,0
2023-10-25,"Johnson & Johnson",0,0
2023-10-25,"AstraZeneca",0,0
2023-10-26,"visos",0,0
2023-10-26,"Pfizer-BioNTech",0,0
2023-10-26,"Novavax",0,0
2023-10-26,"Moderna",0,0
2023-10-26,"Johnson & Johnson",0,0
2023-10-26,"AstraZeneca",0,0
2023-10-27,"visos",0,14980
2023-10-27,"Pfizer-BioNTech",0,14980
2023-10-27,"Novavax",0,0
2023-10-27,"Moderna",0,0
2023-10-27,"Johnson & Johnson",0,0
2023-10-27,"AstraZeneca",0,0
2023-10-28,"visos",0,0
2023-10-28,"Pfizer-BioNTech",0,0
2023-10-28,"Novavax",0,0
2023-10-28,"Moderna",0,0
2023-10-28,"Johnson & Johnson",0,0
2023-10-28,"AstraZeneca",0,0
2023-10-29,"visos",0,0
2023-10-29,"Pfizer-BioNTech",0,0
2023-10-29,"Novavax",0,0
2023-10-29,"Moderna",0,0
2023-10-29,"Johnson & Johnson",0,0
2023-10-29,"AstraZeneca",0,0
2023-10-30,"visos",8640,0
2023-10-30,"Pfizer-BioNTech",8640,0
2023-10-30,"Novavax",0,0
2023-10-30,"Moderna",0,0
2023-10-30,"Johnson & Johnson",0,0
2023-10-30,"AstraZeneca",0,0
2023-10-31,"visos",0,0
2023-10-31,"Pfizer-BioNTech",0,0
2023-10-31,"Novavax",0,0
2023-10-31,"Moderna",0,0
2023-10-31,"Johnson & Johnson",0,0
2023-10-31,"AstraZeneca",0,0
2023-11-01,"visos",0,0
2023-11-01,"Pfizer-BioNTech",0,0
2023-11-01,"Novavax",0,0
2023-11-01,"Moderna",0,0
2023-11-01,"Johnson & Johnson",0,0
2023-11-01,"AstraZeneca",0,0
2023-11-02,"visos",0,0
2023-11-02,"Pfizer-BioNTech",0,0
2023-11-02,"Novavax",0,0
2023-11-02,"Moderna",0,0
2023-11-02,"Johnson & Johnson",0,0
2023-11-02,"AstraZeneca",0,0
2023-11-03,"visos",0,6900
2023-11-03,"Pfizer-BioNTech",0,6900
2023-11-03,"Novavax",0,0
2023-11-03,"Moderna",0,0
2023-11-03,"Johnson & Johnson",0,0
2023-11-03,"AstraZeneca",0,0
2023-11-04,"visos",0,0
2023-11-04,"Pfizer-BioNTech",0,0
2023-11-04,"Novavax",0,0
2023-11-04,"Moderna",0,0
2023-11-04,"Johnson & Johnson",0,0
2023-11-04,"AstraZeneca",0,0
2023-11-05,"visos",0,0
2023-11-05,"Pfizer-BioNTech",0,0
2023-11-05,"Novavax",0,0
2023-11-05,"Moderna",0,0
2023-11-05,"Johnson & Johnson",0,0
2023-11-05,"AstraZeneca",0,0
2023-11-06,"visos",8640,0
2023-11-06,"Pfizer-BioNTech",8640,0
2023-11-06,"Novavax",0,0
2023-11-06,"Moderna",0,0
2023-11-06,"Johnson & Johnson",0,0
2023-11-06,"AstraZeneca",0,0
2023-11-07,"visos",0,0
2023-11-07,"Pfizer-BioNTech",0,0
2023-11-07,"Novavax",0,0
2023-11-07,"Moderna",0,0
2023-11-07,"Johnson & Johnson",0,0
2023-11-07,"AstraZeneca",0,0
2023-11-08,"visos",0,0
2023-11-08,"Pfizer-BioNTech",0,0
2023-11-08,"Novavax",0,0
2023-11-08,"Moderna",0,0
2023-11-08,"Johnson & Johnson",0,0
2023-11-08,"AstraZeneca",0,0
2023-11-09,"visos",0,0
2023-11-09,"Pfizer-BioNTech",0,0
2023-11-09,"Novavax",0,0
2023-11-09,"Moderna",0,0
2023-11-09,"Johnson & Johnson",0,0
2023-11-09,"AstraZeneca",0,0
2023-11-10,"visos",0,4980
2023-11-10,"Pfizer-BioNTech",0,4980
2023-11-10,"Novavax",0,0
2023-11-10,"Moderna",0,0
2023-11-10,"Johnson & Johnson",0,0
2023-11-10,"AstraZeneca",0,0
2023-11-11,"visos",0,0
2023-11-11,"Pfizer-BioNTech",0,0
2023-11-11,"Novavax",0,0
2023-11-11,"Moderna",0,0
2023-11-11,"Johnson & Johnson",0,0
2023-11-11,"AstraZeneca",0,0
2023-11-12,"visos",0,0
2023-11-12,"Pfizer-BioNTech",0,0
2023-11-12,"Novavax",0,0
2023-11-12,"Moderna",0,0
2023-11-12,"Johnson & Johnson",0,0
2023-11-12,"AstraZeneca",0,0
2023-11-13,"visos",7680,0
2023-11-13,"Pfizer-BioNTech",7680,0
2023-11-13,"Novavax",0,0
2023-11-13,"Moderna",0,0
2023-11-13,"Johnson & Johnson",0,0
2023-11-13,"AstraZeneca",0,0
2023-11-14,"visos",0,0
2023-11-14,"Pfizer-BioNTech",0,0
2023-11-14,"Novavax",0,0
2023-11-14,"Moderna",0,0
2023-11-14,"Johnson & Johnson",0,0
2023-11-14,"AstraZeneca",0,0
2023-11-15,"visos",0,0
2023-11-15,"Pfizer-BioNTech",0,0
2023-11-15,"Novavax",0,0
2023-11-15,"Moderna",0,0
2023-11-15,"Johnson & Johnson",0,0
2023-11-15,"AstraZeneca",0,0
2023-11-16,"visos",0,0
2023-11-16,"Pfizer-BioNTech",0,0
2023-11-16,"Novavax",0,0
2023-11-16,"Moderna",0,0
2023-11-16,"Johnson & Johnson",0,0
2023-11-16,"AstraZeneca",0,0
2023-11-17,"visos",0,5800
2023-11-17,"Pfizer-BioNTech",0,5800
2023-11-17,"Novavax",0,0
2023-11-17,"Moderna",0,0
2023-11-17,"Johnson & Johnson",0,0
2023-11-17,"AstraZeneca",0,0
2023-11-18,"visos",0,0
2023-11-18,"Pfizer-BioNTech",0,0
2023-11-18,"Novavax",0,0
2023-11-18,"Moderna",0,0
2023-11-18,"Johnson & Johnson",0,0
2023-11-18,"AstraZeneca",0,0
2023-11-19,"visos",0,0
2023-11-19,"Pfizer-BioNTech",0,0
2023-11-19,"Novavax",0,0
2023-11-19,"Moderna",0,0
2023-11-19,"Johnson & Johnson",0,0
2023-11-19,"AstraZeneca",0,0
2023-11-20,"visos",14400,0
2023-11-20,"Pfizer-BioNTech",14400,0
2023-11-20,"Novavax",0,0
2023-11-20,"Moderna",0,0
2023-11-20,"Johnson & Johnson",0,0
2023-11-20,"AstraZeneca",0,0
2023-11-21,"visos",0,0
2023-11-21,"Pfizer-BioNTech",0,0
2023-11-21,"Novavax",0,0
2023-11-21,"Moderna",0,0
2023-11-21,"Johnson & Johnson",0,0
2023-11-21,"AstraZeneca",0,0
2023-11-22,"visos",0,0
2023-11-22,"Pfizer-BioNTech",0,0
2023-11-22,"Novavax",0,0
2023-11-22,"Moderna",0,0
2023-11-22,"Johnson & Johnson",0,0
2023-11-22,"AstraZeneca",0,0
2023-11-23,"visos",0,0
2023-11-23,"Pfizer-BioNTech",0,0
2023-11-23,"Novavax",0,0
2023-11-23,"Moderna",0,0
2023-11-23,"Johnson & Johnson",0,0
2023-11-23,"AstraZeneca",0,0
2023-11-24,"visos",0,5920
2023-11-24,"Pfizer-BioNTech",0,5920
2023-11-24,"Novavax",0,0
2023-11-24,"Moderna",0,0
2023-11-24,"Johnson & Johnson",0,0
2023-11-24,"AstraZeneca",0,0
2023-11-25,"visos",0,0
2023-11-25,"Pfizer-BioNTech",0,0
2023-11-25,"Novavax",0,0
2023-11-25,"Moderna",0,0
2023-11-25,"Johnson & Johnson",0,0
2023-11-25,"AstraZeneca",0,0
2023-11-26,"visos",0,0
2023-11-26,"Pfizer-BioNTech",0,0
2023-11-26,"Novavax",0,0
2023-11-26,"Moderna",0,0
2023-11-26,"Johnson & Johnson",0,0
2023-11-26,"AstraZeneca",0,0
2023-11-27,"visos",0,0
2023-11-27,"Pfizer-BioNTech",0,0
2023-11-27,"Novavax",0,0
2023-11-27,"Moderna",0,0
2023-11-27,"Johnson & Johnson",0,0
2023-11-27,"AstraZeneca",0,0
2023-11-28,"visos",0,0
2023-11-28,"Pfizer-BioNTech",0,0
2023-11-28,"Novavax",0,0
2023-11-28,"Moderna",0,0
2023-11-28,"Johnson & Johnson",0,0
2023-11-28,"AstraZeneca",0,0
2023-11-29,"visos",0,0
2023-11-29,"Pfizer-BioNTech",0,0
2023-11-29,"Novavax",0,0
2023-11-29,"Moderna",0,0
2023-11-29,"Johnson & Johnson",0,0
2023-11-29,"AstraZeneca",0,0
2023-11-30,"visos",0,0
2023-11-30,"Pfizer-BioNTech",0,0
2023-11-30,"Novavax",0,0
2023-11-30,"Moderna",0,0
2023-11-30,"Johnson & Johnson",0,0
2023-11-30,"AstraZeneca",0,0
2023-12-01,"visos",0,5380
2023-12-01,"Pfizer-BioNTech",0,5380
2023-12-01,"Novavax",0,0
2023-12-01,"Moderna",0,0
2023-12-01,"Johnson & Johnson",0,0
2023-12-01,"AstraZeneca",0,0
2023-12-02,"visos",0,0
2023-12-02,"Pfizer-BioNTech",0,0
2023-12-02,"Novavax",0,0
2023-12-02,"Moderna",0,0
2023-12-02,"Johnson & Johnson",0,0
2023-12-02,"AstraZeneca",0,0
2023-12-03,"visos",0,0
2023-12-03,"Pfizer-BioNTech",0,0
2023-12-03,"Novavax",0,0
2023-12-03,"Moderna",0,0
2023-12-03,"Johnson & Johnson",0,0
2023-12-03,"AstraZeneca",0,0
2023-12-04,"visos",0,0
2023-12-04,"Pfizer-BioNTech",0,0
2023-12-04,"Novavax",0,0
2023-12-04,"Moderna",0,0
2023-12-04,"Johnson & Johnson",0,0
2023-12-04,"AstraZeneca",0,0
2023-12-05,"visos",0,0
2023-12-05,"Pfizer-BioNTech",0,0
2023-12-05,"Novavax",0,0
2023-12-05,"Moderna",0,0
2023-12-05,"Johnson & Johnson",0,0
2023-12-05,"AstraZeneca",0,0
2023-12-06,"visos",0,0
2023-12-06,"Pfizer-BioNTech",0,0
2023-12-06,"Novavax",0,0
2023-12-06,"Moderna",0,0
2023-12-06,"Johnson & Johnson",0,0
2023-12-06,"AstraZeneca",0,0
2023-12-07,"visos",0,0
2023-12-07,"Pfizer-BioNTech",0,0
2023-12-07,"Novavax",0,0
2023-12-07,"Moderna",0,0
2023-12-07,"Johnson & Johnson",0,0
2023-12-07,"AstraZeneca",0,0
2023-12-08,"visos",0,2200
2023-12-08,"Pfizer-BioNTech",0,2200
2023-12-08,"Novavax",0,0
2023-12-08,"Moderna",0,0
2023-12-08,"Johnson & Johnson",0,0
2023-12-08,"AstraZeneca",0,0
2023-12-09,"visos",0,0
2023-12-09,"Pfizer-BioNTech",0,0
2023-12-09,"Novavax",0,0
2023-12-09,"Moderna",0,0
2023-12-09,"Johnson & Johnson",0,0
2023-12-09,"AstraZeneca",0,0
2023-12-10,"visos",0,0
2023-12-10,"Pfizer-BioNTech",0,0
2023-12-10,"Novavax",0,0
2023-12-10,"Moderna",0,0
2023-12-10,"Johnson & Johnson",0,0
2023-12-10,"AstraZeneca",0,0
2023-12-11,"visos",0,0
2023-12-11,"Pfizer-BioNTech",0,0
2023-12-11,"Novavax",0,0
2023-12-11,"Moderna",0,0
2023-12-11,"Johnson & Johnson",0,0
2023-12-11,"AstraZeneca",0,0
2023-12-12,"visos",0,0
2023-12-12,"Pfizer-BioNTech",0,0
2023-12-12,"Novavax",0,0
2023-12-12,"Moderna",0,0
2023-12-12,"Johnson & Johnson",0,0
2023-12-12,"AstraZeneca",0,0
2023-12-13,"visos",0,0
2023-12-13,"Pfizer-BioNTech",0,0
2023-12-13,"Novavax",0,0
2023-12-13,"Moderna",0,0
2023-12-13,"Johnson & Johnson",0,0
2023-12-13,"AstraZeneca",0,0
2023-12-14,"visos",175180,0
2023-12-14,"Pfizer-BioNTech",0,0
2023-12-14,"Novavax",175180,0
2023-12-14,"Moderna",0,0
2023-12-14,"Johnson & Johnson",0,0
2023-12-14,"AstraZeneca",0,0
2023-12-15,"visos",0,2700
2023-12-15,"Pfizer-BioNTech",0,2700
2023-12-15,"Novavax",0,0
2023-12-15,"Moderna",0,0
2023-12-15,"Johnson & Johnson",0,0
2023-12-15,"AstraZeneca",0,0
2023-12-16,"visos",0,0
2023-12-16,"Pfizer-BioNTech",0,0
2023-12-16,"Novavax",0,0
2023-12-16,"Moderna",0,0
2023-12-16,"Johnson & Johnson",0,0
2023-12-16,"AstraZeneca",0,0
2023-12-17,"visos",0,0
2023-12-17,"Pfizer-BioNTech",0,0
2023-12-17,"Novavax",0,0
2023-12-17,"Moderna",0,0
2023-12-17,"Johnson & Johnson",0,0
2023-12-17,"AstraZeneca",0,0
2023-12-18,"visos",0,0
2023-12-18,"Pfizer-BioNTech",0,0
2023-12-18,"Novavax",0,0
2023-12-18,"Moderna",0,0
2023-12-18,"Johnson & Johnson",0,0
2023-12-18,"AstraZeneca",0,0
2023-12-19,"visos",0,0
2023-12-19,"Pfizer-BioNTech",0,0
2023-12-19,"Novavax",0,0
2023-12-19,"Moderna",0,0
2023-12-19,"Johnson & Johnson",0,0
2023-12-19,"AstraZeneca",0,0
2023-12-20,"visos",0,0
2023-12-20,"Pfizer-BioNTech",0,0
2023-12-20,"Novavax",0,0
2023-12-20,"Moderna",0,0
2023-12-20,"Johnson & Johnson",0,0
2023-12-20,"AstraZeneca",0,0
2023-12-21,"visos",0,0
2023-12-21,"Pfizer-BioNTech",0,0
2023-12-21,"Novavax",0,0
2023-12-21,"Moderna",0,0
2023-12-21,"Johnson & Johnson",0,0
2023-12-21,"AstraZeneca",0,0
2023-12-22,"visos",0,1140
2023-12-22,"Pfizer-BioNTech",0,1140
2023-12-22,"Novavax",0,0
2023-12-22,"Moderna",0,0
2023-12-22,"Johnson & Johnson",0,0
2023-12-22,"AstraZeneca",0,0
2023-12-23,"visos",0,0
2023-12-23,"Pfizer-BioNTech",0,0
2023-12-23,"Novavax",0,0
2023-12-23,"Moderna",0,0
2023-12-23,"Johnson & Johnson",0,0
2023-12-23,"AstraZeneca",0,0
2023-12-24,"visos",0,0
2023-12-24,"Pfizer-BioNTech",0,0
2023-12-24,"Novavax",0,0
2023-12-24,"Moderna",0,0
2023-12-24,"Johnson & Johnson",0,0
2023-12-24,"AstraZeneca",0,0
2023-12-25,"visos",0,0
2023-12-25,"Pfizer-BioNTech",0,0
2023-12-25,"Novavax",0,0
2023-12-25,"Moderna",0,0
2023-12-25,"Johnson & Johnson",0,0
2023-12-25,"AstraZeneca",0,0
2023-12-26,"visos",0,0
2023-12-26,"Pfizer-BioNTech",0,0
2023-12-26,"Novavax",0,0
2023-12-26,"Moderna",0,0
2023-12-26,"Johnson & Johnson",0,0
2023-12-26,"AstraZeneca",0,0
2023-12-27,"visos",0,0
2023-12-27,"Pfizer-BioNTech",0,0
2023-12-27,"Novavax",0,0
2023-12-27,"Moderna",0,0
2023-12-27,"Johnson & Johnson",0,0
2023-12-27,"AstraZeneca",0,0
2023-12-28,"visos",0,0
2023-12-28,"Pfizer-BioNTech",0,0
2023-12-28,"Novavax",0,0
2023-12-28,"Moderna",0,0
2023-12-28,"Johnson & Johnson",0,0
2023-12-28,"AstraZeneca",0,0
2023-12-29,"visos",0,280
2023-12-29,"Pfizer-BioNTech",0,280
2023-12-29,"Novavax",0,0
2023-12-29,"Moderna",0,0
2023-12-29,"Johnson & Johnson",0,0
2023-12-29,"AstraZeneca",0,0
2023-12-30,"visos",0,0
2023-12-30,"Pfizer-BioNTech",0,0
2023-12-30,"Novavax",0,0
2023-12-30,"Moderna",0,0
2023-12-30,"Johnson & Johnson",0,0
2023-12-30,"AstraZeneca",0,0
2023-12-31,"visos",0,0
2023-12-31,"Pfizer-BioNTech",0,0
2023-12-31,"Novavax",0,0
2023-12-31,"Moderna",0,0
2023-12-31,"Johnson & Johnson",0,0
2023-12-31,"AstraZeneca",0,0
2024-01-01,"visos",0,0
2024-01-01,"Pfizer-BioNTech",0,0
2024-01-01,"Novavax",0,0
2024-01-01,"Moderna",0,0
2024-01-01,"Johnson & Johnson",0,0
2024-01-01,"AstraZeneca",0,0
2024-01-02,"visos",0,0
2024-01-02,"Pfizer-BioNTech",0,0
2024-01-02,"Novavax",0,0
2024-01-02,"Moderna",0,0
2024-01-02,"Johnson & Johnson",0,0
2024-01-02,"AstraZeneca",0,0
2024-01-03,"visos",0,0
2024-01-03,"Pfizer-BioNTech",0,0
2024-01-03,"Novavax",0,0
2024-01-03,"Moderna",0,0
2024-01-03,"Johnson & Johnson",0,0
2024-01-03,"AstraZeneca",0,0
2024-01-04,"visos",1820,0
2024-01-04,"Pfizer-BioNTech",0,0
2024-01-04,"Novavax",1820,0
2024-01-04,"Moderna",0,0
2024-01-04,"Johnson & Johnson",0,0
2024-01-04,"AstraZeneca",0,0
2024-01-05,"visos",0,560
2024-01-05,"Pfizer-BioNTech",0,560
2024-01-05,"Novavax",0,0
2024-01-05,"Moderna",0,0
2024-01-05,"Johnson & Johnson",0,0
2024-01-05,"AstraZeneca",0,0
2024-01-06,"visos",0,0
2024-01-06,"Pfizer-BioNTech",0,0
2024-01-06,"Novavax",0,0
2024-01-06,"Moderna",0,0
2024-01-06,"Johnson & Johnson",0,0
2024-01-06,"AstraZeneca",0,0
2024-01-07,"visos",0,0
2024-01-07,"Pfizer-BioNTech",0,0
2024-01-07,"Novavax",0,0
2024-01-07,"Moderna",0,0
2024-01-07,"Johnson & Johnson",0,0
2024-01-07,"AstraZeneca",0,0
2024-01-08,"visos",0,0
2024-01-08,"Pfizer-BioNTech",0,0
2024-01-08,"Novavax",0,0
2024-01-08,"Moderna",0,0
2024-01-08,"Johnson & Johnson",0,0
2024-01-08,"AstraZeneca",0,0
2024-01-09,"visos",0,0
2024-01-09,"Pfizer-BioNTech",0,0
2024-01-09,"Novavax",0,0
2024-01-09,"Moderna",0,0
2024-01-09,"Johnson & Johnson",0,0
2024-01-09,"AstraZeneca",0,0
2024-01-10,"visos",0,0
2024-01-10,"Pfizer-BioNTech",0,0
2024-01-10,"Novavax",0,0
2024-01-10,"Moderna",0,0
2024-01-10,"Johnson & Johnson",0,0
2024-01-10,"AstraZeneca",0,0
2024-01-11,"visos",0,0
2024-01-11,"Pfizer-BioNTech",0,0
2024-01-11,"Novavax",0,0
2024-01-11,"Moderna",0,0
2024-01-11,"Johnson & Johnson",0,0
2024-01-11,"AstraZeneca",0,0
2024-01-12,"visos",0,1140
2024-01-12,"Pfizer-BioNTech",0,1140
2024-01-12,"Novavax",0,0
2024-01-12,"Moderna",0,0
2024-01-12,"Johnson & Johnson",0,0
2024-01-12,"AstraZeneca",0,0
2024-01-13,"visos",0,0
2024-01-13,"Pfizer-BioNTech",0,0
2024-01-13,"Novavax",0,0
2024-01-13,"Moderna",0,0
2024-01-13,"Johnson & Johnson",0,0
2024-01-13,"AstraZeneca",0,0
2024-01-14,"visos",0,0
2024-01-14,"Pfizer-BioNTech",0,0
2024-01-14,"Novavax",0,0
2024-01-14,"Moderna",0,0
2024-01-14,"Johnson & Johnson",0,0
2024-01-14,"AstraZeneca",0,0
2024-01-15,"visos",0,0
2024-01-15,"Pfizer-BioNTech",0,0
2024-01-15,"Novavax",0,0
2024-01-15,"Moderna",0,0
2024-01-15,"Johnson & Johnson",0,0
2024-01-15,"AstraZeneca",0,0
2024-01-16,"visos",0,0
2024-01-16,"Pfizer-BioNTech",0,0
2024-01-16,"Novavax",0,0
2024-01-16,"Moderna",0,0
2024-01-16,"Johnson & Johnson",0,0
2024-01-16,"AstraZeneca",0,0
2024-01-17,"visos",0,0
2024-01-17,"Pfizer-BioNTech",0,0
2024-01-17,"Novavax",0,0
2024-01-17,"Moderna",0,0
2024-01-17,"Johnson & Johnson",0,0
2024-01-17,"AstraZeneca",0,0
2024-01-18,"visos",0,0
2024-01-18,"Pfizer-BioNTech",0,0
2024-01-18,"Novavax",0,0
2024-01-18,"Moderna",0,0
2024-01-18,"Johnson & Johnson",0,0
2024-01-18,"AstraZeneca",0,0
2024-01-19,"visos",0,800
2024-01-19,"Pfizer-BioNTech",0,800
2024-01-19,"Novavax",0,0
2024-01-19,"Moderna",0,0
2024-01-19,"Johnson & Johnson",0,0
2024-01-19,"AstraZeneca",0,0
2024-01-20,"visos",0,0
2024-01-20,"Pfizer-BioNTech",0,0
2024-01-20,"Novavax",0,0
2024-01-20,"Moderna",0,0
2024-01-20,"Johnson & Johnson",0,0
2024-01-20,"AstraZeneca",0,0
2024-01-21,"visos",0,0
2024-01-21,"Pfizer-BioNTech",0,0
2024-01-21,"Novavax",0,0
2024-01-21,"Moderna",0,0
2024-01-21,"Johnson & Johnson",0,0
2024-01-21,"AstraZeneca",0,0
2024-01-22,"visos",0,0
2024-01-22,"Pfizer-BioNTech",0,0
2024-01-22,"Novavax",0,0
2024-01-22,"Moderna",0,0
2024-01-22,"Johnson & Johnson",0,0
2024-01-22,"AstraZeneca",0,0
2024-01-23,"visos",0,0
2024-01-23,"Pfizer-BioNTech",0,0
2024-01-23,"Novavax",0,0
2024-01-23,"Moderna",0,0
2024-01-23,"Johnson & Johnson",0,0
2024-01-23,"AstraZeneca",0,0
2024-01-24,"visos",0,0
2024-01-24,"Pfizer-BioNTech",0,0
2024-01-24,"Novavax",0,0
2024-01-24,"Moderna",0,0
2024-01-24,"Johnson & Johnson",0,0
2024-01-24,"AstraZeneca",0,0
2024-01-25,"visos",0,0
2024-01-25,"Pfizer-BioNTech",0,0
2024-01-25,"Novavax",0,0
2024-01-25,"Moderna",0,0
2024-01-25,"Johnson & Johnson",0,0
2024-01-25,"AstraZeneca",0,0
2024-01-26,"visos",0,340
2024-01-26,"Pfizer-BioNTech",0,340
2024-01-26,"Novavax",0,0
2024-01-26,"Moderna",0,0
2024-01-26,"Johnson & Johnson",0,0
2024-01-26,"AstraZeneca",0,0
2024-01-27,"visos",0,0
2024-01-27,"Pfizer-BioNTech",0,0
2024-01-27,"Novavax",0,0
2024-01-27,"Moderna",0,0
2024-01-27,"Johnson & Johnson",0,0
2024-01-27,"AstraZeneca",0,0
2024-01-28,"visos",0,0
2024-01-28,"Pfizer-BioNTech",0,0
2024-01-28,"Novavax",0,0
2024-01-28,"Moderna",0,0
2024-01-28,"Johnson & Johnson",0,0
2024-01-28,"AstraZeneca",0,0
2024-01-29,"visos",0,0
2024-01-29,"Pfizer-BioNTech",0,0
2024-01-29,"Novavax",0,0
2024-01-29,"Moderna",0,0
2024-01-29,"Johnson & Johnson",0,0
2024-01-29,"AstraZeneca",0,0
2024-01-30,"visos",0,0
2024-01-30,"Pfizer-BioNTech",0,0
2024-01-30,"Novavax",0,0
2024-01-30,"Moderna",0,0
2024-01-30,"Johnson & Johnson",0,0
2024-01-30,"AstraZeneca",0,0
2024-01-31,"visos",0,0
2024-01-31,"Pfizer-BioNTech",0,0
2024-01-31,"Novavax",0,0
2024-01-31,"Moderna",0,0
2024-01-31,"Johnson & Johnson",0,0
2024-01-31,"AstraZeneca",0,0
2024-02-01,"visos",0,0
2024-02-01,"Pfizer-BioNTech",0,0
2024-02-01,"Novavax",0,0
2024-02-01,"Moderna",0,0
2024-02-01,"Johnson & Johnson",0,0
2024-02-01,"AstraZeneca",0,0
2024-02-02,"visos",0,660
2024-02-02,"Pfizer-BioNTech",0,660
2024-02-02,"Novavax",0,0
2024-02-02,"Moderna",0,0
2024-02-02,"Johnson & Johnson",0,0
2024-02-02,"AstraZeneca",0,0
2024-02-03,"visos",0,0
2024-02-03,"Pfizer-BioNTech",0,0
2024-02-03,"Novavax",0,0
2024-02-03,"Moderna",0,0
2024-02-03,"Johnson & Johnson",0,0
2024-02-03,"AstraZeneca",0,0
2024-02-04,"visos",0,0
2024-02-04,"Pfizer-BioNTech",0,0
2024-02-04,"Novavax",0,0
2024-02-04,"Moderna",0,0
2024-02-04,"Johnson & Johnson",0,0
2024-02-04,"AstraZeneca",0,0
2024-02-05,"visos",0,0
2024-02-05,"Pfizer-BioNTech",0,0
2024-02-05,"Novavax",0,0
2024-02-05,"Moderna",0,0
2024-02-05,"Johnson & Johnson",0,0
2024-02-05,"AstraZeneca",0,0
2024-02-06,"visos",0,0
2024-02-06,"Pfizer-BioNTech",0,0
2024-02-06,"Novavax",0,0
2024-02-06,"Moderna",0,0
2024-02-06,"Johnson & Johnson",0,0
2024-02-06,"AstraZeneca",0,0
2024-02-07,"visos",0,0
2024-02-07,"Pfizer-BioNTech",0,0
2024-02-07,"Novavax",0,0
2024-02-07,"Moderna",0,0
2024-02-07,"Johnson & Johnson",0,0
2024-02-07,"AstraZeneca",0,0
2024-02-08,"visos",0,0
2024-02-08,"Pfizer-BioNTech",0,0
2024-02-08,"Novavax",0,0
2024-02-08,"Moderna",0,0
2024-02-08,"Johnson & Johnson",0,0
2024-02-08,"AstraZeneca",0,0
2024-02-09,"visos",0,120
2024-02-09,"Pfizer-BioNTech",0,120
2024-02-09,"Novavax",0,0
2024-02-09,"Moderna",0,0
2024-02-09,"Johnson & Johnson",0,0
2024-02-09,"AstraZeneca",0,0
2024-02-10,"visos",0,0
2024-02-10,"Pfizer-BioNTech",0,0
2024-02-10,"Novavax",0,0
2024-02-10,"Moderna",0,0
2024-02-10,"Johnson & Johnson",0,0
2024-02-10,"AstraZeneca",0,0
2024-02-11,"visos",0,0
2024-02-11,"Pfizer-BioNTech",0,0
2024-02-11,"Novavax",0,0
2024-02-11,"Moderna",0,0
2024-02-11,"Johnson & Johnson",0,0
2024-02-11,"AstraZeneca",0,0
2024-02-12,"visos",0,0
2024-02-12,"Pfizer-BioNTech",0,0
2024-02-12,"Novavax",0,0
2024-02-12,"Moderna",0,0
2024-02-12,"Johnson & Johnson",0,0
2024-02-12,"AstraZeneca",0,0
2024-02-13,"visos",0,0
2024-02-13,"Pfizer-BioNTech",0,0
2024-02-13,"Novavax",0,0
2024-02-13,"Moderna",0,0
2024-02-13,"Johnson & Johnson",0,0
2024-02-13,"AstraZeneca",0,0
2024-02-14,"visos",0,0
2024-02-14,"Pfizer-BioNTech",0,0
2024-02-14,"Novavax",0,0
2024-02-14,"Moderna",0,0
2024-02-14,"Johnson & Johnson",0,0
2024-02-14,"AstraZeneca",0,0
2024-02-15,"visos",0,0
2024-02-15,"Pfizer-BioNTech",0,0
2024-02-15,"Novavax",0,0
2024-02-15,"Moderna",0,0
2024-02-15,"Johnson & Johnson",0,0
2024-02-15,"AstraZeneca",0,0
2024-02-16,"visos",0,520
2024-02-16,"Pfizer-BioNTech",0,520
2024-02-16,"Novavax",0,0
2024-02-16,"Moderna",0,0
2024-02-16,"Johnson & Johnson",0,0
2024-02-16,"AstraZeneca",0,0
2024-02-17,"visos",0,0
2024-02-17,"Pfizer-BioNTech",0,0
2024-02-17,"Novavax",0,0
2024-02-17,"Moderna",0,0
2024-02-17,"Johnson & Johnson",0,0
2024-02-17,"AstraZeneca",0,0
2024-02-18,"visos",0,0
2024-02-18,"Pfizer-BioNTech",0,0
2024-02-18,"Novavax",0,0
2024-02-18,"Moderna",0,0
2024-02-18,"Johnson & Johnson",0,0
2024-02-18,"AstraZeneca",0,0
2024-02-19,"visos",0,0
2024-02-19,"Pfizer-BioNTech",0,0
2024-02-19,"Novavax",0,0
2024-02-19,"Moderna",0,0
2024-02-19,"Johnson & Johnson",0,0
2024-02-19,"AstraZeneca",0,0
2024-02-20,"visos",0,0
2024-02-20,"Pfizer-BioNTech",0,0
2024-02-20,"Novavax",0,0
2024-02-20,"Moderna",0,0
2024-02-20,"Johnson & Johnson",0,0
2024-02-20,"AstraZeneca",0,0
2024-02-21,"visos",0,0
2024-02-21,"Pfizer-BioNTech",0,0
2024-02-21,"Novavax",0,0
2024-02-21,"Moderna",0,0
2024-02-21,"Johnson & Johnson",0,0
2024-02-21,"AstraZeneca",0,0
2024-02-22,"visos",0,0
2024-02-22,"Pfizer-BioNTech",0,0
2024-02-22,"Novavax",0,0
2024-02-22,"Moderna",0,0
2024-02-22,"Johnson & Johnson",0,0
2024-02-22,"AstraZeneca",0,0
2024-02-23,"visos",0,220
2024-02-23,"Pfizer-BioNTech",0,220
2024-02-23,"Novavax",0,0
2024-02-23,"Moderna",0,0
2024-02-23,"Johnson & Johnson",0,0
2024-02-23,"AstraZeneca",0,0
2024-02-24,"visos",0,0
2024-02-24,"Pfizer-BioNTech",0,0
2024-02-24,"Novavax",0,0
2024-02-24,"Moderna",0,0
2024-02-24,"Johnson & Johnson",0,0
2024-02-24,"AstraZeneca",0,0
2024-02-25,"visos",0,0
2024-02-25,"Pfizer-BioNTech",0,0
2024-02-25,"Novavax",0,0
2024-02-25,"Moderna",0,0
2024-02-25,"Johnson & Johnson",0,0
2024-02-25,"AstraZeneca",0,0
2024-02-26,"visos",0,0
2024-02-26,"Pfizer-BioNTech",0,0
2024-02-26,"Novavax",0,0
2024-02-26,"Moderna",0,0
2024-02-26,"Johnson & Johnson",0,0
2024-02-26,"AstraZeneca",0,0
2024-02-27,"visos",0,0
2024-02-27,"Pfizer-BioNTech",0,0
2024-02-27,"Novavax",0,0
2024-02-27,"Moderna",0,0
2024-02-27,"Johnson & Johnson",0,0
2024-02-27,"AstraZeneca",0,0
2024-02-28,"visos",0,0
2024-02-28,"Pfizer-BioNTech",0,0
2024-02-28,"Novavax",0,0
2024-02-28,"Moderna",0,0
2024-02-28,"Johnson & Johnson",0,0
2024-02-28,"AstraZeneca",0,0
2024-02-29,"visos",0,0
2024-02-29,"Pfizer-BioNTech",0,0
2024-02-29,"Novavax",0,0
2024-02-29,"Moderna",0,0
2024-02-29,"Johnson & Johnson",0,0
2024-02-29,"AstraZeneca",0,0
2024-03-01,"visos",0,280
2024-03-01,"Pfizer-BioNTech",0,280
2024-03-01,"Novavax",0,0
2024-03-01,"Moderna",0,0
2024-03-01,"Johnson & Johnson",0,0
2024-03-01,"AstraZeneca",0,0
2024-03-02,"visos",0,0
2024-03-02,"Pfizer-BioNTech",0,0
2024-03-02,"Novavax",0,0
2024-03-02,"Moderna",0,0
2024-03-02,"Johnson & Johnson",0,0
2024-03-02,"AstraZeneca",0,0
2024-03-03,"visos",0,0
2024-03-03,"Pfizer-BioNTech",0,0
2024-03-03,"Novavax",0,0
2024-03-03,"Moderna",0,0
2024-03-03,"Johnson & Johnson",0,0
2024-03-03,"AstraZeneca",0,0
2024-03-04,"visos",0,0
2024-03-04,"Pfizer-BioNTech",0,0
2024-03-04,"Novavax",0,0
2024-03-04,"Moderna",0,0
2024-03-04,"Johnson & Johnson",0,0
2024-03-04,"AstraZeneca",0,0
2024-03-05,"visos",0,0
2024-03-05,"Pfizer-BioNTech",0,0
2024-03-05,"Novavax",0,0
2024-03-05,"Moderna",0,0
2024-03-05,"Johnson & Johnson",0,0
2024-03-05,"AstraZeneca",0,0
2024-03-06,"visos",0,0
2024-03-06,"Pfizer-BioNTech",0,0
2024-03-06,"Novavax",0,0
2024-03-06,"Moderna",0,0
2024-03-06,"Johnson & Johnson",0,0
2024-03-06,"AstraZeneca",0,0
2024-03-07,"visos",0,0
2024-03-07,"Pfizer-BioNTech",0,0
2024-03-07,"Novavax",0,0
2024-03-07,"Moderna",0,0
2024-03-07,"Johnson & Johnson",0,0
2024-03-07,"AstraZeneca",0,0
2024-03-08,"visos",0,160
2024-03-08,"Pfizer-BioNTech",0,160
2024-03-08,"Novavax",0,0
2024-03-08,"Moderna",0,0
2024-03-08,"Johnson & Johnson",0,0
2024-03-08,"AstraZeneca",0,0
2024-03-09,"visos",0,0
2024-03-09,"Pfizer-BioNTech",0,0
2024-03-09,"Novavax",0,0
2024-03-09,"Moderna",0,0
2024-03-09,"Johnson & Johnson",0,0
2024-03-09,"AstraZeneca",0,0
2024-03-10,"visos",0,0
2024-03-10,"Pfizer-BioNTech",0,0
2024-03-10,"Novavax",0,0
2024-03-10,"Moderna",0,0
2024-03-10,"Johnson & Johnson",0,0
2024-03-10,"AstraZeneca",0,0
2024-03-11,"visos",0,0
2024-03-11,"Pfizer-BioNTech",0,0
2024-03-11,"Novavax",0,0
2024-03-11,"Moderna",0,0
2024-03-11,"Johnson & Johnson",0,0
2024-03-11,"AstraZeneca",0,0
2024-03-12,"visos",0,0
2024-03-12,"Pfizer-BioNTech",0,0
2024-03-12,"Novavax",0,0
2024-03-12,"Moderna",0,0
2024-03-12,"Johnson & Johnson",0,0
2024-03-12,"AstraZeneca",0,0
2024-03-13,"visos",0,0
2024-03-13,"Pfizer-BioNTech",0,0
2024-03-13,"Novavax",0,0
2024-03-13,"Moderna",0,0
2024-03-13,"Johnson & Johnson",0,0
2024-03-13,"AstraZeneca",0,0
2024-03-14,"visos",0,0
2024-03-14,"Pfizer-BioNTech",0,0
2024-03-14,"Novavax",0,0
2024-03-14,"Moderna",0,0
2024-03-14,"Johnson & Johnson",0,0
2024-03-14,"AstraZeneca",0,0
2024-03-15,"visos",0,120
2024-03-15,"Pfizer-BioNTech",0,120
2024-03-15,"Novavax",0,0
2024-03-15,"Moderna",0,0
2024-03-15,"Johnson & Johnson",0,0
2024-03-15,"AstraZeneca",0,0
2024-03-16,"visos",0,0
2024-03-16,"Pfizer-BioNTech",0,0
2024-03-16,"Novavax",0,0
2024-03-16,"Moderna",0,0
2024-03-16,"Johnson & Johnson",0,0
2024-03-16,"AstraZeneca",0,0
2024-03-17,"visos",0,0
2024-03-17,"Pfizer-BioNTech",0,0
2024-03-17,"Novavax",0,0
2024-03-17,"Moderna",0,0
2024-03-17,"Johnson & Johnson",0,0
2024-03-17,"AstraZeneca",0,0
2024-03-18,"visos",0,0
2024-03-18,"Pfizer-BioNTech",0,0
2024-03-18,"Novavax",0,0
2024-03-18,"Moderna",0,0
2024-03-18,"Johnson & Johnson",0,0
2024-03-18,"AstraZeneca",0,0
2024-03-19,"visos",0,0
2024-03-19,"Pfizer-BioNTech",0,0
2024-03-19,"Novavax",0,0
2024-03-19,"Moderna",0,0
2024-03-19,"Johnson & Johnson",0,0
2024-03-19,"AstraZeneca",0,0
2024-03-20,"visos",0,0
2024-03-20,"Pfizer-BioNTech",0,0
2024-03-20,"Novavax",0,0
2024-03-20,"Moderna",0,0
2024-03-20,"Johnson & Johnson",0,0
2024-03-20,"AstraZeneca",0,0
2024-03-21,"visos",0,0
2024-03-21,"Pfizer-BioNTech",0,0
2024-03-21,"Novavax",0,0
2024-03-21,"Moderna",0,0
2024-03-21,"Johnson & Johnson",0,0
2024-03-21,"AstraZeneca",0,0
2024-03-22,"visos",0,540
2024-03-22,"Pfizer-BioNTech",0,540
2024-03-22,"Novavax",0,0
2024-03-22,"Moderna",0,0
2024-03-22,"Johnson & Johnson",0,0
2024-03-22,"AstraZeneca",0,0
2024-03-23,"visos",0,0
2024-03-23,"Pfizer-BioNTech",0,0
2024-03-23,"Novavax",0,0
2024-03-23,"Moderna",0,0
2024-03-23,"Johnson & Johnson",0,0
2024-03-23,"AstraZeneca",0,0
2024-03-24,"visos",0,0
2024-03-24,"Pfizer-BioNTech",0,0
2024-03-24,"Novavax",0,0
2024-03-24,"Moderna",0,0
2024-03-24,"Johnson & Johnson",0,0
2024-03-24,"AstraZeneca",0,0
2024-03-25,"visos",0,0
2024-03-25,"Pfizer-BioNTech",0,0
2024-03-25,"Novavax",0,0
2024-03-25,"Moderna",0,0
2024-03-25,"Johnson & Johnson",0,0
2024-03-25,"AstraZeneca",0,0
2024-03-26,"visos",0,0
2024-03-26,"Pfizer-BioNTech",0,0
2024-03-26,"Novavax",0,0
2024-03-26,"Moderna",0,0
2024-03-26,"Johnson & Johnson",0,0
2024-03-26,"AstraZeneca",0,0
2024-03-27,"visos",0,0
2024-03-27,"Pfizer-BioNTech",0,0
2024-03-27,"Novavax",0,0
2024-03-27,"Moderna",0,0
2024-03-27,"Johnson & Johnson",0,0
2024-03-27,"AstraZeneca",0,0
2024-03-28,"visos",0,0
2024-03-28,"Pfizer-BioNTech",0,0
2024-03-28,"Novavax",0,0
2024-03-28,"Moderna",0,0
2024-03-28,"Johnson & Johnson",0,0
2024-03-28,"AstraZeneca",0,0
2024-03-29,"visos",0,500
2024-03-29,"Pfizer-BioNTech",0,500
2024-03-29,"Novavax",0,0
2024-03-29,"Moderna",0,0
2024-03-29,"Johnson & Johnson",0,0
2024-03-29,"AstraZeneca",0,0
2024-03-30,"visos",0,0
2024-03-30,"Pfizer-BioNTech",0,0
2024-03-30,"Novavax",0,0
2024-03-30,"Moderna",0,0
2024-03-30,"Johnson & Johnson",0,0
2024-03-30,"AstraZeneca",0,0
2024-03-31,"visos",0,0
2024-03-31,"Pfizer-BioNTech",0,0
2024-03-31,"Novavax",0,0
2024-03-31,"Moderna",0,0
2024-03-31,"Johnson & Johnson",0,0
2024-03-31,"AstraZeneca",0,0
2024-04-01,"visos",0,0
2024-04-01,"Pfizer-BioNTech",0,0
2024-04-01,"Novavax",0,0
2024-04-01,"Moderna",0,0
2024-04-01,"Johnson & Johnson",0,0
2024-04-01,"AstraZeneca",0,0
2024-04-02,"visos",0,0
2024-04-02,"Pfizer-BioNTech",0,0
2024-04-02,"Novavax",0,0
2024-04-02,"Moderna",0,0
2024-04-02,"Johnson & Johnson",0,0
2024-04-02,"AstraZeneca",0,0
2024-04-03,"visos",0,0
2024-04-03,"Pfizer-BioNTech",0,0
2024-04-03,"Novavax",0,0
2024-04-03,"Moderna",0,0
2024-04-03,"Johnson & Johnson",0,0
2024-04-03,"AstraZeneca",0,0
2024-04-04,"visos",0,0
2024-04-04,"Pfizer-BioNTech",0,0
2024-04-04,"Novavax",0,0
2024-04-04,"Moderna",0,0
2024-04-04,"Johnson & Johnson",0,0
2024-04-04,"AstraZeneca",0,0
2024-04-05,"visos",0,0
2024-04-05,"Pfizer-BioNTech",0,0
2024-04-05,"Novavax",0,0
2024-04-05,"Moderna",0,0
2024-04-05,"Johnson & Johnson",0,0
2024-04-05,"AstraZeneca",0,0
2024-04-06,"visos",0,0
2024-04-06,"Pfizer-BioNTech",0,0
2024-04-06,"Novavax",0,0
2024-04-06,"Moderna",0,0
2024-04-06,"Johnson & Johnson",0,0
2024-04-06,"AstraZeneca",0,0
2024-04-07,"visos",0,0
2024-04-07,"Pfizer-BioNTech",0,0
2024-04-07,"Novavax",0,0
2024-04-07,"Moderna",0,0
2024-04-07,"Johnson & Johnson",0,0
2024-04-07,"AstraZeneca",0,0
2024-04-08,"visos",0,0
2024-04-08,"Pfizer-BioNTech",0,0
2024-04-08,"Novavax",0,0
2024-04-08,"Moderna",0,0
2024-04-08,"Johnson & Johnson",0,0
2024-04-08,"AstraZeneca",0,0
2024-04-09,"visos",0,0
2024-04-09,"Pfizer-BioNTech",0,0
2024-04-09,"Novavax",0,0
2024-04-09,"Moderna",0,0
2024-04-09,"Johnson & Johnson",0,0
2024-04-09,"AstraZeneca",0,0
2024-04-10,"visos",0,0
2024-04-10,"Pfizer-BioNTech",0,0
2024-04-10,"Novavax",0,0
2024-04-10,"Moderna",0,0
2024-04-10,"Johnson & Johnson",0,0
2024-04-10,"AstraZeneca",0,0
2024-04-11,"visos",0,0
2024-04-11,"Pfizer-BioNTech",0,0
2024-04-11,"Novavax",0,0
2024-04-11,"Moderna",0,0
2024-04-11,"Johnson & Johnson",0,0
2024-04-11,"AstraZeneca",0,0
2024-04-12,"visos",0,0
2024-04-12,"Pfizer-BioNTech",0,0
2024-04-12,"Novavax",0,0
2024-04-12,"Moderna",0,0
2024-04-12,"Johnson & Johnson",0,0
2024-04-12,"AstraZeneca",0,0
2024-04-13,"visos",0,0
2024-04-13,"Pfizer-BioNTech",0,0
2024-04-13,"Novavax",0,0
2024-04-13,"Moderna",0,0
2024-04-13,"Johnson & Johnson",0,0
2024-04-13,"AstraZeneca",0,0
2024-04-14,"visos",0,0
2024-04-14,"Pfizer-BioNTech",0,0
2024-04-14,"Novavax",0,0
2024-04-14,"Moderna",0,0
2024-04-14,"Johnson & Johnson",0,0
2024-04-14,"AstraZeneca",0,0
2024-04-15,"visos",0,0
2024-04-15,"Pfizer-BioNTech",0,0
2024-04-15,"Novavax",0,0
2024-04-15,"Moderna",0,0
2024-04-15,"Johnson & Johnson",0,0
2024-04-15,"AstraZeneca",0,0
2024-04-16,"visos",0,0
2024-04-16,"Pfizer-BioNTech",0,0
2024-04-16,"Novavax",0,0
2024-04-16,"Moderna",0,0
2024-04-16,"Johnson & Johnson",0,0
2024-04-16,"AstraZeneca",0,0
2024-04-17,"visos",0,0
2024-04-17,"Pfizer-BioNTech",0,0
2024-04-17,"Novavax",0,0
2024-04-17,"Moderna",0,0
2024-04-17,"Johnson & Johnson",0,0
2024-04-17,"AstraZeneca",0,0
2024-04-18,"visos",0,0
2024-04-18,"Pfizer-BioNTech",0,0
2024-04-18,"Novavax",0,0
2024-04-18,"Moderna",0,0
2024-04-18,"Johnson & Johnson",0,0
2024-04-18,"AstraZeneca",0,0
2024-04-19,"visos",0,120
2024-04-19,"Pfizer-BioNTech",0,120
2024-04-19,"Novavax",0,0
2024-04-19,"Moderna",0,0
2024-04-19,"Johnson & Johnson",0,0
2024-04-19,"AstraZeneca",0,0
2024-04-20,"visos",0,0
2024-04-20,"Pfizer-BioNTech",0,0
2024-04-20,"Novavax",0,0
2024-04-20,"Moderna",0,0
2024-04-20,"Johnson & Johnson",0,0
2024-04-20,"AstraZeneca",0,0
2024-04-21,"visos",0,0
2024-04-21,"Pfizer-BioNTech",0,0
2024-04-21,"Novavax",0,0
2024-04-21,"Moderna",0,0
2024-04-21,"Johnson & Johnson",0,0
2024-04-21,"AstraZeneca",0,0
2024-04-22,"visos",0,0
2024-04-22,"Pfizer-BioNTech",0,0
2024-04-22,"Novavax",0,0
2024-04-22,"Moderna",0,0
2024-04-22,"Johnson & Johnson",0,0
2024-04-22,"AstraZeneca",0,0
2024-04-23,"visos",0,0
2024-04-23,"Pfizer-BioNTech",0,0
2024-04-23,"Novavax",0,0
2024-04-23,"Moderna",0,0
2024-04-23,"Johnson & Johnson",0,0
2024-04-23,"AstraZeneca",0,0
2024-04-24,"visos",0,0
2024-04-24,"Pfizer-BioNTech",0,0
2024-04-24,"Novavax",0,0
2024-04-24,"Moderna",0,0
2024-04-24,"Johnson & Johnson",0,0
2024-04-24,"AstraZeneca",0,0
2024-04-25,"visos",0,0
2024-04-25,"Pfizer-BioNTech",0,0
2024-04-25,"Novavax",0,0
2024-04-25,"Moderna",0,0
2024-04-25,"Johnson & Johnson",0,0
2024-04-25,"AstraZeneca",0,0
2024-04-26,"visos",0,180
2024-04-26,"Pfizer-BioNTech",0,180
2024-04-26,"Novavax",0,0
2024-04-26,"Moderna",0,0
2024-04-26,"Johnson & Johnson",0,0
2024-04-26,"AstraZeneca",0,0
2024-04-27,"visos",0,0
2024-04-27,"Pfizer-BioNTech",0,0
2024-04-27,"Novavax",0,0
2024-04-27,"Moderna",0,0
2024-04-27,"Johnson & Johnson",0,0
2024-04-27,"AstraZeneca",0,0
2024-04-28,"visos",0,0
2024-04-28,"Pfizer-BioNTech",0,0
2024-04-28,"Novavax",0,0
2024-04-28,"Moderna",0,0
2024-04-28,"Johnson & Johnson",0,0
2024-04-28,"AstraZeneca",0,0
2024-04-29,"visos",0,0
2024-04-29,"Pfizer-BioNTech",0,0
2024-04-29,"Novavax",0,0
2024-04-29,"Moderna",0,0
2024-04-29,"Johnson & Johnson",0,0
2024-04-29,"AstraZeneca",0,0
2024-04-30,"visos",0,0
2024-04-30,"Pfizer-BioNTech",0,0
2024-04-30,"Novavax",0,0
2024-04-30,"Moderna",0,0
2024-04-30,"Johnson & Johnson",0,0
2024-04-30,"AstraZeneca",0,0
2024-05-01,"visos",0,0
2024-05-01,"Pfizer-BioNTech",0,0
2024-05-01,"Novavax",0,0
2024-05-01,"Moderna",0,0
2024-05-01,"Johnson & Johnson",0,0
2024-05-01,"AstraZeneca",0,0
2024-05-02,"visos",0,0
2024-05-02,"Pfizer-BioNTech",0,0
2024-05-02,"Novavax",0,0
2024-05-02,"Moderna",0,0
2024-05-02,"Johnson & Johnson",0,0
2024-05-02,"AstraZeneca",0,0
2024-05-03,"visos",0,0
2024-05-03,"Pfizer-BioNTech",0,0
2024-05-03,"Novavax",0,0
2024-05-03,"Moderna",0,0
2024-05-03,"Johnson & Johnson",0,0
2024-05-03,"AstraZeneca",0,0
2024-05-04,"visos",0,0
2024-05-04,"Pfizer-BioNTech",0,0
2024-05-04,"Novavax",0,0
2024-05-04,"Moderna",0,0
2024-05-04,"Johnson & Johnson",0,0
2024-05-04,"AstraZeneca",0,0
2024-05-05,"visos",0,0
2024-05-05,"Pfizer-BioNTech",0,0
2024-05-05,"Novavax",0,0
2024-05-05,"Moderna",0,0
2024-05-05,"Johnson & Johnson",0,0
2024-05-05,"AstraZeneca",0,0
2024-05-06,"visos",0,0
2024-05-06,"Pfizer-BioNTech",0,0
2024-05-06,"Novavax",0,0
2024-05-06,"Moderna",0,0
2024-05-06,"Johnson & Johnson",0,0
2024-05-06,"AstraZeneca",0,0
2024-05-07,"visos",0,0
2024-05-07,"Pfizer-BioNTech",0,0
2024-05-07,"Novavax",0,0
2024-05-07,"Moderna",0,0
2024-05-07,"Johnson & Johnson",0,0
2024-05-07,"AstraZeneca",0,0
2024-05-08,"visos",0,0
2024-05-08,"Pfizer-BioNTech",0,0
2024-05-08,"Novavax",0,0
2024-05-08,"Moderna",0,0
2024-05-08,"Johnson & Johnson",0,0
2024-05-08,"AstraZeneca",0,0
2024-05-09,"visos",0,0
2024-05-09,"Pfizer-BioNTech",0,0
2024-05-09,"Novavax",0,0
2024-05-09,"Moderna",0,0
2024-05-09,"Johnson & Johnson",0,0
2024-05-09,"AstraZeneca",0,0
2024-05-10,"visos",0,60
2024-05-10,"Pfizer-BioNTech",0,60
2024-05-10,"Novavax",0,0
2024-05-10,"Moderna",0,0
2024-05-10,"Johnson & Johnson",0,0
2024-05-10,"AstraZeneca",0,0
2024-05-11,"visos",0,0
2024-05-11,"Pfizer-BioNTech",0,0
2024-05-11,"Novavax",0,0
2024-05-11,"Moderna",0,0
2024-05-11,"Johnson & Johnson",0,0
2024-05-11,"AstraZeneca",0,0
2024-05-12,"visos",0,0
2024-05-12,"Pfizer-BioNTech",0,0
2024-05-12,"Novavax",0,0
2024-05-12,"Moderna",0,0
2024-05-12,"Johnson & Johnson",0,0
2024-05-12,"AstraZeneca",0,0
2024-05-13,"visos",0,0
2024-05-13,"Pfizer-BioNTech",0,0
2024-05-13,"Novavax",0,0
2024-05-13,"Moderna",0,0
2024-05-13,"Johnson & Johnson",0,0
2024-05-13,"AstraZeneca",0,0
2024-05-14,"visos",0,0
2024-05-14,"Pfizer-BioNTech",0,0
2024-05-14,"Novavax",0,0
2024-05-14,"Moderna",0,0
2024-05-14,"Johnson & Johnson",0,0
2024-05-14,"AstraZeneca",0,0
2024-05-15,"visos",0,0
2024-05-15,"Pfizer-BioNTech",0,0
2024-05-15,"Novavax",0,0
2024-05-15,"Moderna",0,0
2024-05-15,"Johnson & Johnson",0,0
2024-05-15,"AstraZeneca",0,0
2024-05-16,"visos",0,0
2024-05-16,"Pfizer-BioNTech",0,0
2024-05-16,"Novavax",0,0
2024-05-16,"Moderna",0,0
2024-05-16,"Johnson & Johnson",0,0
2024-05-16,"AstraZeneca",0,0
2024-05-17,"visos",0,160
2024-05-17,"Pfizer-BioNTech",0,160
2024-05-17,"Novavax",0,0
2024-05-17,"Moderna",0,0
2024-05-17,"Johnson & Johnson",0,0
2024-05-17,"AstraZeneca",0,0
2024-05-18,"visos",0,0
2024-05-18,"Pfizer-BioNTech",0,0
2024-05-18,"Novavax",0,0
2024-05-18,"Moderna",0,0
2024-05-18,"Johnson & Johnson",0,0
2024-05-18,"AstraZeneca",0,0
2024-05-19,"visos",0,0
2024-05-19,"Pfizer-BioNTech",0,0
2024-05-19,"Novavax",0,0
2024-05-19,"Moderna",0,0
2024-05-19,"Johnson & Johnson",0,0
2024-05-19,"AstraZeneca",0,0
2024-05-20,"visos",0,0
2024-05-20,"Pfizer-BioNTech",0,0
2024-05-20,"Novavax",0,0
2024-05-20,"Moderna",0,0
2024-05-20,"Johnson & Johnson",0,0
2024-05-20,"AstraZeneca",0,0
2024-05-21,"visos",0,0
2024-05-21,"Pfizer-BioNTech",0,0
2024-05-21,"Novavax",0,0
2024-05-21,"Moderna",0,0
2024-05-21,"Johnson & Johnson",0,0
2024-05-21,"AstraZeneca",0,0
2024-05-22,"visos",0,0
2024-05-22,"Pfizer-BioNTech",0,0
2024-05-22,"Novavax",0,0
2024-05-22,"Moderna",0,0
2024-05-22,"Johnson & Johnson",0,0
2024-05-22,"AstraZeneca",0,0
2024-05-23,"visos",0,0
2024-05-23,"Pfizer-BioNTech",0,0
2024-05-23,"Novavax",0,0
2024-05-23,"Moderna",0,0
2024-05-23,"Johnson & Johnson",0,0
2024-05-23,"AstraZeneca",0,0
2024-05-24,"visos",0,60
2024-05-24,"Pfizer-BioNTech",0,60
2024-05-24,"Novavax",0,0
2024-05-24,"Moderna",0,0
2024-05-24,"Johnson & Johnson",0,0
2024-05-24,"AstraZeneca",0,0
2024-05-25,"visos",0,0
2024-05-25,"Pfizer-BioNTech",0,0
2024-05-25,"Novavax",0,0
2024-05-25,"Moderna",0,0
2024-05-25,"Johnson & Johnson",0,0
2024-05-25,"AstraZeneca",0,0
2024-05-26,"visos",0,0
2024-05-26,"Pfizer-BioNTech",0,0
2024-05-26,"Novavax",0,0
2024-05-26,"Moderna",0,0
2024-05-26,"Johnson & Johnson",0,0
2024-05-26,"AstraZeneca",0,0
2024-05-27,"visos",0,0
2024-05-27,"Pfizer-BioNTech",0,0
2024-05-27,"Novavax",0,0
2024-05-27,"Moderna",0,0
2024-05-27,"Johnson & Johnson",0,0
2024-05-27,"AstraZeneca",0,0
2024-05-28,"visos",0,0
2024-05-28,"Pfizer-BioNTech",0,0
2024-05-28,"Novavax",0,0
2024-05-28,"Moderna",0,0
2024-05-28,"Johnson & Johnson",0,0
2024-05-28,"AstraZeneca",0,0
2024-05-29,"visos",0,0
2024-05-29,"Pfizer-BioNTech",0,0
2024-05-29,"Novavax",0,0
2024-05-29,"Moderna",0,0
2024-05-29,"Johnson & Johnson",0,0
2024-05-29,"AstraZeneca",0,0
2024-05-30,"visos",0,0
2024-05-30,"Pfizer-BioNTech",0,0
2024-05-30,"Novavax",0,0
2024-05-30,"Moderna",0,0
2024-05-30,"Johnson & Johnson",0,0
2024-05-30,"AstraZeneca",0,0
2024-05-31,"visos",0,60
2024-05-31,"Pfizer-BioNTech",0,60
2024-05-31,"Novavax",0,0
2024-05-31,"Moderna",0,0
2024-05-31,"Johnson & Johnson",0,0
2024-05-31,"AstraZeneca",0,0
2024-06-01,"visos",0,0
2024-06-01,"Pfizer-BioNTech",0,0
2024-06-01,"Novavax",0,0
2024-06-01,"Moderna",0,0
2024-06-01,"Johnson & Johnson",0,0
2024-06-01,"AstraZeneca",0,0
2024-06-02,"visos",0,0
2024-06-02,"Pfizer-BioNTech",0,0
2024-06-02,"Novavax",0,0
2024-06-02,"Moderna",0,0
2024-06-02,"Johnson & Johnson",0,0
2024-06-02,"AstraZeneca",0,0
2024-06-03,"visos",0,0
2024-06-03,"Pfizer-BioNTech",0,0
2024-06-03,"Novavax",0,0
2024-06-03,"Moderna",0,0
2024-06-03,"Johnson & Johnson",0,0
2024-06-03,"AstraZeneca",0,0
2024-06-04,"visos",0,0
2024-06-04,"Pfizer-BioNTech",0,0
2024-06-04,"Novavax",0,0
2024-06-04,"Moderna",0,0
2024-06-04,"Johnson & Johnson",0,0
2024-06-04,"AstraZeneca",0,0
2024-06-05,"visos",0,0
2024-06-05,"Pfizer-BioNTech",0,0
2024-06-05,"Novavax",0,0
2024-06-05,"Moderna",0,0
2024-06-05,"Johnson & Johnson",0,0
2024-06-05,"AstraZeneca",0,0
2024-06-06,"visos",0,0
2024-06-06,"Pfizer-BioNTech",0,0
2024-06-06,"Novavax",0,0
2024-06-06,"Moderna",0,0
2024-06-06,"Johnson & Johnson",0,0
2024-06-06,"AstraZeneca",0,0
2024-06-07,"visos",0,0
2024-06-07,"Pfizer-BioNTech",0,0
2024-06-07,"Novavax",0,0
2024-06-07,"Moderna",0,0
2024-06-07,"Johnson & Johnson",0,0
2024-06-07,"AstraZeneca",0,0
2024-06-08,"visos",0,0
2024-06-08,"Pfizer-BioNTech",0,0
2024-06-08,"Novavax",0,0
2024-06-08,"Moderna",0,0
2024-06-08,"Johnson & Johnson",0,0
2024-06-08,"AstraZeneca",0,0
2024-06-09,"visos",0,0
2024-06-09,"Pfizer-BioNTech",0,0
2024-06-09,"Novavax",0,0
2024-06-09,"Moderna",0,0
2024-06-09,"Johnson & Johnson",0,0
2024-06-09,"AstraZeneca",0,0
2024-06-10,"visos",0,0
2024-06-10,"Pfizer-BioNTech",0,0
2024-06-10,"Novavax",0,0
2024-06-10,"Moderna",0,0
2024-06-10,"Johnson & Johnson",0,0
2024-06-10,"AstraZeneca",0,0
2024-06-11,"visos",0,0
2024-06-11,"Pfizer-BioNTech",0,0
2024-06-11,"Novavax",0,0
2024-06-11,"Moderna",0,0
2024-06-11,"Johnson & Johnson",0,0
2024-06-11,"AstraZeneca",0,0
2024-06-12,"visos",0,0
2024-06-12,"Pfizer-BioNTech",0,0
2024-06-12,"Novavax",0,0
2024-06-12,"Moderna",0,0
2024-06-12,"Johnson & Johnson",0,0
2024-06-12,"AstraZeneca",0,0
2024-06-13,"visos",0,0
2024-06-13,"Pfizer-BioNTech",0,0
2024-06-13,"Novavax",0,0
2024-06-13,"Moderna",0,0
2024-06-13,"Johnson & Johnson",0,0
2024-06-13,"AstraZeneca",0,0
2024-06-14,"visos",0,320
2024-06-14,"Pfizer-BioNTech",0,320
2024-06-14,"Novavax",0,0
2024-06-14,"Moderna",0,0
2024-06-14,"Johnson & Johnson",0,0
2024-06-14,"AstraZeneca",0,0
2024-06-15,"visos",0,0
2024-06-15,"Pfizer-BioNTech",0,0
2024-06-15,"Novavax",0,0
2024-06-15,"Moderna",0,0
2024-06-15,"Johnson & Johnson",0,0
2024-06-15,"AstraZeneca",0,0
2024-06-16,"visos",0,0
2024-06-16,"Pfizer-BioNTech",0,0
2024-06-16,"Novavax",0,0
2024-06-16,"Moderna",0,0
2024-06-16,"Johnson & Johnson",0,0
2024-06-16,"AstraZeneca",0,0
2024-06-17,"visos",0,0
2024-06-17,"Pfizer-BioNTech",0,0
2024-06-17,"Novavax",0,0
2024-06-17,"Moderna",0,0
2024-06-17,"Johnson & Johnson",0,0
2024-06-17,"AstraZeneca",0,0
2024-06-18,"visos",0,0
2024-06-18,"Pfizer-BioNTech",0,0
2024-06-18,"Novavax",0,0
2024-06-18,"Moderna",0,0
2024-06-18,"Johnson & Johnson",0,0
2024-06-18,"AstraZeneca",0,0
2024-06-19,"visos",0,0
2024-06-19,"Pfizer-BioNTech",0,0
2024-06-19,"Novavax",0,0
2024-06-19,"Moderna",0,0
2024-06-19,"Johnson & Johnson",0,0
2024-06-19,"AstraZeneca",0,0
2024-06-20,"visos",0,0
2024-06-20,"Pfizer-BioNTech",0,0
2024-06-20,"Novavax",0,0
2024-06-20,"Moderna",0,0
2024-06-20,"Johnson & Johnson",0,0
2024-06-20,"AstraZeneca",0,0
2024-06-21,"visos",0,60
2024-06-21,"Pfizer-BioNTech",0,60
2024-06-21,"Novavax",0,0
2024-06-21,"Moderna",0,0
2024-06-21,"Johnson & Johnson",0,0
2024-06-21,"AstraZeneca",0,0
2024-06-22,"visos",0,0
2024-06-22,"Pfizer-BioNTech",0,0
2024-06-22,"Novavax",0,0
2024-06-22,"Moderna",0,0
2024-06-22,"Johnson & Johnson",0,0
2024-06-22,"AstraZeneca",0,0
2024-06-23,"visos",0,0
2024-06-23,"Pfizer-BioNTech",0,0
2024-06-23,"Novavax",0,0
2024-06-23,"Moderna",0,0
2024-06-23,"Johnson & Johnson",0,0
2024-06-23,"AstraZeneca",0,0
2024-06-24,"visos",0,0
2024-06-24,"Pfizer-BioNTech",0,0
2024-06-24,"Novavax",0,0
2024-06-24,"Moderna",0,0
2024-06-24,"Johnson & Johnson",0,0
2024-06-24,"AstraZeneca",0,0
2024-06-25,"visos",0,0
2024-06-25,"Pfizer-BioNTech",0,0
2024-06-25,"Novavax",0,0
2024-06-25,"Moderna",0,0
2024-06-25,"Johnson & Johnson",0,0
2024-06-25,"AstraZeneca",0,0
2024-06-26,"visos",0,0
2024-06-26,"Pfizer-BioNTech",0,0
2024-06-26,"Novavax",0,0
2024-06-26,"Moderna",0,0
2024-06-26,"Johnson & Johnson",0,0
2024-06-26,"AstraZeneca",0,0
2024-06-27,"visos",0,0
2024-06-27,"Pfizer-BioNTech",0,0
2024-06-27,"Novavax",0,0
2024-06-27,"Moderna",0,0
2024-06-27,"Johnson & Johnson",0,0
2024-06-27,"AstraZeneca",0,0
2024-06-28,"visos",0,0
2024-06-28,"Pfizer-BioNTech",0,0
2024-06-28,"Novavax",0,0
2024-06-28,"Moderna",0,0
2024-06-28,"Johnson & Johnson",0,0
2024-06-28,"AstraZeneca",0,0
2024-06-29,"visos",0,0
2024-06-29,"Pfizer-BioNTech",0,0
2024-06-29,"Novavax",0,0
2024-06-29,"Moderna",0,0
2024-06-29,"Johnson & Johnson",0,0
2024-06-29,"AstraZeneca",0,0
2024-06-30,"visos",0,0
2024-06-30,"Pfizer-BioNTech",0,0
2024-06-30,"Novavax",0,0
2024-06-30,"Moderna",0,0
2024-06-30,"Johnson & Johnson",0,0
2024-06-30,"AstraZeneca",0,0
2024-07-01,"visos",0,0
2024-07-01,"Pfizer-BioNTech",0,0
2024-07-01,"Novavax",0,0
2024-07-01,"Moderna",0,0
2024-07-01,"Johnson & Johnson",0,0
2024-07-01,"AstraZeneca",0,0
2024-07-02,"visos",0,0
2024-07-02,"Pfizer-BioNTech",0,0
2024-07-02,"Novavax",0,0
2024-07-02,"Moderna",0,0
2024-07-02,"Johnson & Johnson",0,0
2024-07-02,"AstraZeneca",0,0
2024-07-03,"visos",0,0
2024-07-03,"Pfizer-BioNTech",0,0
2024-07-03,"Novavax",0,0
2024-07-03,"Moderna",0,0
2024-07-03,"Johnson & Johnson",0,0
2024-07-03,"AstraZeneca",0,0
2024-07-04,"visos",0,0
2024-07-04,"Pfizer-BioNTech",0,0
2024-07-04,"Novavax",0,0
2024-07-04,"Moderna",0,0
2024-07-04,"Johnson & Johnson",0,0
2024-07-04,"AstraZeneca",0,0
2024-07-05,"visos",0,60
2024-07-05,"Pfizer-BioNTech",0,60
2024-07-05,"Novavax",0,0
2024-07-05,"Moderna",0,0
2024-07-05,"Johnson & Johnson",0,0
2024-07-05,"AstraZeneca",0,0
2024-07-06,"visos",0,0
2024-07-06,"Pfizer-BioNTech",0,0
2024-07-06,"Novavax",0,0
2024-07-06,"Moderna",0,0
2024-07-06,"Johnson & Johnson",0,0
2024-07-06,"AstraZeneca",0,0
2024-07-07,"visos",0,0
2024-07-07,"Pfizer-BioNTech",0,0
2024-07-07,"Novavax",0,0
2024-07-07,"Moderna",0,0
2024-07-07,"Johnson & Johnson",0,0
2024-07-07,"AstraZeneca",0,0
2024-07-08,"visos",0,0
2024-07-08,"Pfizer-BioNTech",0,0
2024-07-08,"Novavax",0,0
2024-07-08,"Moderna",0,0
2024-07-08,"Johnson & Johnson",0,0
2024-07-08,"AstraZeneca",0,0
2024-07-09,"visos",0,0
2024-07-09,"Pfizer-BioNTech",0,0
2024-07-09,"Novavax",0,0
2024-07-09,"Moderna",0,0
2024-07-09,"Johnson & Johnson",0,0
2024-07-09,"AstraZeneca",0,0
2024-07-10,"visos",0,0
2024-07-10,"Pfizer-BioNTech",0,0
2024-07-10,"Novavax",0,0
2024-07-10,"Moderna",0,0
2024-07-10,"Johnson & Johnson",0,0
2024-07-10,"AstraZeneca",0,0
2024-07-11,"visos",0,0
2024-07-11,"Pfizer-BioNTech",0,0
2024-07-11,"Novavax",0,0
2024-07-11,"Moderna",0,0
2024-07-11,"Johnson & Johnson",0,0
2024-07-11,"AstraZeneca",0,0
2024-07-12,"visos",0,220
2024-07-12,"Pfizer-BioNTech",0,220
2024-07-12,"Novavax",0,0
2024-07-12,"Moderna",0,0
2024-07-12,"Johnson & Johnson",0,0
2024-07-12,"AstraZeneca",0,0
2024-07-13,"visos",0,0
2024-07-13,"Pfizer-BioNTech",0,0
2024-07-13,"Novavax",0,0
2024-07-13,"Moderna",0,0
2024-07-13,"Johnson & Johnson",0,0
2024-07-13,"AstraZeneca",0,0
2024-07-14,"visos",0,0
2024-07-14,"Pfizer-BioNTech",0,0
2024-07-14,"Novavax",0,0
2024-07-14,"Moderna",0,0
2024-07-14,"Johnson & Johnson",0,0
2024-07-14,"AstraZeneca",0,0
2024-07-15,"visos",0,0
2024-07-15,"Pfizer-BioNTech",0,0
2024-07-15,"Novavax",0,0
2024-07-15,"Moderna",0,0
2024-07-15,"Johnson & Johnson",0,0
2024-07-15,"AstraZeneca",0,0
2024-07-16,"visos",0,0
2024-07-16,"Pfizer-BioNTech",0,0
2024-07-16,"Novavax",0,0
2024-07-16,"Moderna",0,0
2024-07-16,"Johnson & Johnson",0,0
2024-07-16,"AstraZeneca",0,0
2024-07-17,"visos",0,0
2024-07-17,"Pfizer-BioNTech",0,0
2024-07-17,"Novavax",0,0
2024-07-17,"Moderna",0,0
2024-07-17,"Johnson & Johnson",0,0
2024-07-17,"AstraZeneca",0,0
2024-07-18,"visos",0,0
2024-07-18,"Pfizer-BioNTech",0,0
2024-07-18,"Novavax",0,0
2024-07-18,"Moderna",0,0
2024-07-18,"Johnson & Johnson",0,0
2024-07-18,"AstraZeneca",0,0
2024-07-19,"visos",0,60
2024-07-19,"Pfizer-BioNTech",0,60
2024-07-19,"Novavax",0,0
2024-07-19,"Moderna",0,0
2024-07-19,"Johnson & Johnson",0,0
2024-07-19,"AstraZeneca",0,0
2024-07-20,"visos",0,0
2024-07-20,"Pfizer-BioNTech",0,0
2024-07-20,"Novavax",0,0
2024-07-20,"Moderna",0,0
2024-07-20,"Johnson & Johnson",0,0
2024-07-20,"AstraZeneca",0,0
2024-07-21,"visos",0,0
2024-07-21,"Pfizer-BioNTech",0,0
2024-07-21,"Novavax",0,0
2024-07-21,"Moderna",0,0
2024-07-21,"Johnson & Johnson",0,0
2024-07-21,"AstraZeneca",0,0
2024-07-22,"visos",0,0
2024-07-22,"Pfizer-BioNTech",0,0
2024-07-22,"Novavax",0,0
2024-07-22,"Moderna",0,0
2024-07-22,"Johnson & Johnson",0,0
2024-07-22,"AstraZeneca",0,0
2024-07-23,"visos",0,0
2024-07-23,"Pfizer-BioNTech",0,0
2024-07-23,"Novavax",0,0
2024-07-23,"Moderna",0,0
2024-07-23,"Johnson & Johnson",0,0
2024-07-23,"AstraZeneca",0,0
2024-07-24,"visos",0,0
2024-07-24,"Pfizer-BioNTech",0,0
2024-07-24,"Novavax",0,0
2024-07-24,"Moderna",0,0
2024-07-24,"Johnson & Johnson",0,0
2024-07-24,"AstraZeneca",0,0
2024-07-25,"visos",0,0
2024-07-25,"Pfizer-BioNTech",0,0
2024-07-25,"Novavax",0,0
2024-07-25,"Moderna",0,0
2024-07-25,"Johnson & Johnson",0,0
2024-07-25,"AstraZeneca",0,0
2024-07-26,"visos",0,0
2024-07-26,"Pfizer-BioNTech",0,0
2024-07-26,"Novavax",0,0
2024-07-26,"Moderna",0,0
2024-07-26,"Johnson & Johnson",0,0
2024-07-26,"AstraZeneca",0,0
2024-07-27,"visos",0,0
2024-07-27,"Pfizer-BioNTech",0,0
2024-07-27,"Novavax",0,0
2024-07-27,"Moderna",0,0
2024-07-27,"Johnson & Johnson",0,0
2024-07-27,"AstraZeneca",0,0
2024-07-28,"visos",0,0
2024-07-28,"Pfizer-BioNTech",0,0
2024-07-28,"Novavax",0,0
2024-07-28,"Moderna",0,0
2024-07-28,"Johnson & Johnson",0,0
2024-07-28,"AstraZeneca",0,0
2024-07-29,"visos",0,0
2024-07-29,"Pfizer-BioNTech",0,0
2024-07-29,"Novavax",0,0
2024-07-29,"Moderna",0,0
2024-07-29,"Johnson & Johnson",0,0
2024-07-29,"AstraZeneca",0,0
2024-07-30,"visos",0,0
2024-07-30,"Pfizer-BioNTech",0,0
2024-07-30,"Novavax",0,0
2024-07-30,"Moderna",0,0
2024-07-30,"Johnson & Johnson",0,0
2024-07-30,"AstraZeneca",0,0
2024-07-31,"visos",0,0
2024-07-31,"Pfizer-BioNTech",0,0
2024-07-31,"Novavax",0,0
2024-07-31,"Moderna",0,0
2024-07-31,"Johnson & Johnson",0,0
2024-07-31,"AstraZeneca",0,0
2024-08-01,"visos",0,0
2024-08-01,"Pfizer-BioNTech",0,0
2024-08-01,"Novavax",0,0
2024-08-01,"Moderna",0,0
2024-08-01,"Johnson & Johnson",0,0
2024-08-01,"AstraZeneca",0,0
2024-08-02,"visos",0,0
2024-08-02,"Pfizer-BioNTech",0,0
2024-08-02,"Novavax",0,0
2024-08-02,"Moderna",0,0
2024-08-02,"Johnson & Johnson",0,0
2024-08-02,"AstraZeneca",0,0
2024-08-03,"visos",0,0
2024-08-03,"Pfizer-BioNTech",0,0
2024-08-03,"Novavax",0,0
2024-08-03,"Moderna",0,0
2024-08-03,"Johnson & Johnson",0,0
2024-08-03,"AstraZeneca",0,0
2024-08-04,"visos",0,0
2024-08-04,"Pfizer-BioNTech",0,0
2024-08-04,"Novavax",0,0
2024-08-04,"Moderna",0,0
2024-08-04,"Johnson & Johnson",0,0
2024-08-04,"AstraZeneca",0,0
2024-08-05,"visos",0,0
2024-08-05,"Pfizer-BioNTech",0,0
2024-08-05,"Novavax",0,0
2024-08-05,"Moderna",0,0
2024-08-05,"Johnson & Johnson",0,0
2024-08-05,"AstraZeneca",0,0
2024-08-06,"visos",0,0
2024-08-06,"Pfizer-BioNTech",0,0
2024-08-06,"Novavax",0,0
2024-08-06,"Moderna",0,0
2024-08-06,"Johnson & Johnson",0,0
2024-08-06,"AstraZeneca",0,0
2024-08-07,"visos",0,0
2024-08-07,"Pfizer-BioNTech",0,0
2024-08-07,"Novavax",0,0
2024-08-07,"Moderna",0,0
2024-08-07,"Johnson & Johnson",0,0
2024-08-07,"AstraZeneca",0,0
2024-08-08,"visos",0,0
2024-08-08,"Pfizer-BioNTech",0,0
2024-08-08,"Novavax",0,0
2024-08-08,"Moderna",0,0
2024-08-08,"Johnson & Johnson",0,0
2024-08-08,"AstraZeneca",0,0
2024-08-09,"visos",0,60
2024-08-09,"Pfizer-BioNTech",0,60
2024-08-09,"Novavax",0,0
2024-08-09,"Moderna",0,0
2024-08-09,"Johnson & Johnson",0,0
2024-08-09,"AstraZeneca",0,0
2024-08-10,"visos",0,0
2024-08-10,"Pfizer-BioNTech",0,0
2024-08-10,"Novavax",0,0
2024-08-10,"Moderna",0,0
2024-08-10,"Johnson & Johnson",0,0
2024-08-10,"AstraZeneca",0,0
2024-08-11,"visos",0,0
2024-08-11,"Pfizer-BioNTech",0,0
2024-08-11,"Novavax",0,0
2024-08-11,"Moderna",0,0
2024-08-11,"Johnson & Johnson",0,0
2024-08-11,"AstraZeneca",0,0
2024-08-12,"visos",0,0
2024-08-12,"Pfizer-BioNTech",0,0
2024-08-12,"Novavax",0,0
2024-08-12,"Moderna",0,0
2024-08-12,"Johnson & Johnson",0,0
2024-08-12,"AstraZeneca",0,0
2024-08-13,"visos",0,0
2024-08-13,"Pfizer-BioNTech",0,0
2024-08-13,"Novavax",0,0
2024-08-13,"Moderna",0,0
2024-08-13,"Johnson & Johnson",0,0
2024-08-13,"AstraZeneca",0,0
2024-08-14,"visos",0,0
2024-08-14,"Pfizer-BioNTech",0,0
2024-08-14,"Novavax",0,0
2024-08-14,"Moderna",0,0
2024-08-14,"Johnson & Johnson",0,0
2024-08-14,"AstraZeneca",0,0
2024-08-15,"visos",0,0
2024-08-15,"Pfizer-BioNTech",0,0
2024-08-15,"Novavax",0,0
2024-08-15,"Moderna",0,0
2024-08-15,"Johnson & Johnson",0,0
2024-08-15,"AstraZeneca",0,0
2024-08-16,"visos",0,60
2024-08-16,"Pfizer-BioNTech",0,60
2024-08-16,"Novavax",0,0
2024-08-16,"Moderna",0,0
2024-08-16,"Johnson & Johnson",0,0
2024-08-16,"AstraZeneca",0,0
2024-08-17,"visos",0,0
2024-08-17,"Pfizer-BioNTech",0,0
2024-08-17,"Novavax",0,0
2024-08-17,"Moderna",0,0
2024-08-17,"Johnson & Johnson",0,0
2024-08-17,"AstraZeneca",0,0
2024-08-18,"visos",0,0
2024-08-18,"Pfizer-BioNTech",0,0
2024-08-18,"Novavax",0,0
2024-08-18,"Moderna",0,0
2024-08-18,"Johnson & Johnson",0,0
2024-08-18,"AstraZeneca",0,0
2024-08-19,"visos",30240,0
2024-08-19,"Pfizer-BioNTech",30240,0
2024-08-19,"Novavax",0,0
2024-08-19,"Moderna",0,0
2024-08-19,"Johnson & Johnson",0,0
2024-08-19,"AstraZeneca",0,0
2024-08-20,"visos",0,0
2024-08-20,"Pfizer-BioNTech",0,0
2024-08-20,"Novavax",0,0
2024-08-20,"Moderna",0,0
2024-08-20,"Johnson & Johnson",0,0
2024-08-20,"AstraZeneca",0,0
2024-08-21,"visos",0,0
2024-08-21,"Pfizer-BioNTech",0,0
2024-08-21,"Novavax",0,0
2024-08-21,"Moderna",0,0
2024-08-21,"Johnson & Johnson",0,0
2024-08-21,"AstraZeneca",0,0
2024-08-22,"visos",0,0
2024-08-22,"Pfizer-BioNTech",0,0
2024-08-22,"Novavax",0,0
2024-08-22,"Moderna",0,0
2024-08-22,"Johnson & Johnson",0,0
2024-08-22,"AstraZeneca",0,0
2024-08-23,"visos",0,0
2024-08-23,"Pfizer-BioNTech",0,0
2024-08-23,"Novavax",0,0
2024-08-23,"Moderna",0,0
2024-08-23,"Johnson & Johnson",0,0
2024-08-23,"AstraZeneca",0,0
2024-08-24,"visos",0,0
2024-08-24,"Pfizer-BioNTech",0,0
2024-08-24,"Novavax",0,0
2024-08-24,"Moderna",0,0
2024-08-24,"Johnson & Johnson",0,0
2024-08-24,"AstraZeneca",0,0
2024-08-25,"visos",0,0
2024-08-25,"Pfizer-BioNTech",0,0
2024-08-25,"Novavax",0,0
2024-08-25,"Moderna",0,0
2024-08-25,"Johnson & Johnson",0,0
2024-08-25,"AstraZeneca",0,0
2024-08-26,"visos",0,0
2024-08-26,"Pfizer-BioNTech",0,0
2024-08-26,"Novavax",0,0
2024-08-26,"Moderna",0,0
2024-08-26,"Johnson & Johnson",0,0
2024-08-26,"AstraZeneca",0,0
2024-08-27,"visos",0,0
2024-08-27,"Pfizer-BioNTech",0,0
2024-08-27,"Novavax",0,0
2024-08-27,"Moderna",0,0
2024-08-27,"Johnson & Johnson",0,0
2024-08-27,"AstraZeneca",0,0
2024-08-28,"visos",0,0
2024-08-28,"Pfizer-BioNTech",0,0
2024-08-28,"Novavax",0,0
2024-08-28,"Moderna",0,0
2024-08-28,"Johnson & Johnson",0,0
2024-08-28,"AstraZeneca",0,0
2024-08-29,"visos",0,0
2024-08-29,"Pfizer-BioNTech",0,0
2024-08-29,"Novavax",0,0
2024-08-29,"Moderna",0,0
2024-08-29,"Johnson & Johnson",0,0
2024-08-29,"AstraZeneca",0,0
2024-08-30,"visos",0,1560
2024-08-30,"Pfizer-BioNTech",0,1560
2024-08-30,"Novavax",0,0
2024-08-30,"Moderna",0,0
2024-08-30,"Johnson & Johnson",0,0
2024-08-30,"AstraZeneca",0,0
2024-08-31,"visos",0,0
2024-08-31,"Pfizer-BioNTech",0,0
2024-08-31,"Novavax",0,0
2024-08-31,"Moderna",0,0
2024-08-31,"Johnson & Johnson",0,0
2024-08-31,"AstraZeneca",0,0
2024-09-01,"visos",0,0
2024-09-01,"Pfizer-BioNTech",0,0
2024-09-01,"Novavax",0,0
2024-09-01,"Moderna",0,0
2024-09-01,"Johnson & Johnson",0,0
2024-09-01,"AstraZeneca",0,0
2024-09-02,"visos",0,0
2024-09-02,"Pfizer-BioNTech",0,0
2024-09-02,"Novavax",0,0
2024-09-02,"Moderna",0,0
2024-09-02,"Johnson & Johnson",0,0
2024-09-02,"AstraZeneca",0,0
2024-09-03,"visos",0,0
2024-09-03,"Pfizer-BioNTech",0,0
2024-09-03,"Novavax",0,0
2024-09-03,"Moderna",0,0
2024-09-03,"Johnson & Johnson",0,0
2024-09-03,"AstraZeneca",0,0
2024-09-04,"visos",0,0
2024-09-04,"Pfizer-BioNTech",0,0
2024-09-04,"Novavax",0,0
2024-09-04,"Moderna",0,0
2024-09-04,"Johnson & Johnson",0,0
2024-09-04,"AstraZeneca",0,0
2024-09-05,"visos",0,0
2024-09-05,"Pfizer-BioNTech",0,0
2024-09-05,"Novavax",0,0
2024-09-05,"Moderna",0,0
2024-09-05,"Johnson & Johnson",0,0
2024-09-05,"AstraZeneca",0,0
2024-09-06,"visos",0,5160
2024-09-06,"Pfizer-BioNTech",0,5160
2024-09-06,"Novavax",0,0
2024-09-06,"Moderna",0,0
2024-09-06,"Johnson & Johnson",0,0
2024-09-06,"AstraZeneca",0,0
2024-09-07,"visos",0,0
2024-09-07,"Pfizer-BioNTech",0,0
2024-09-07,"Novavax",0,0
2024-09-07,"Moderna",0,0
2024-09-07,"Johnson & Johnson",0,0
2024-09-07,"AstraZeneca",0,0
2024-09-08,"visos",0,0
2024-09-08,"Pfizer-BioNTech",0,0
2024-09-08,"Novavax",0,0
2024-09-08,"Moderna",0,0
2024-09-08,"Johnson & Johnson",0,0
2024-09-08,"AstraZeneca",0,0
2024-09-09,"visos",0,0
2024-09-09,"Pfizer-BioNTech",0,0
2024-09-09,"Novavax",0,0
2024-09-09,"Moderna",0,0
2024-09-09,"Johnson & Johnson",0,0
2024-09-09,"AstraZeneca",0,0
2024-09-10,"visos",0,0
2024-09-10,"Pfizer-BioNTech",0,0
2024-09-10,"Novavax",0,0
2024-09-10,"Moderna",0,0
2024-09-10,"Johnson & Johnson",0,0
2024-09-10,"AstraZeneca",0,0
2024-09-11,"visos",0,0
2024-09-11,"Pfizer-BioNTech",0,0
2024-09-11,"Novavax",0,0
2024-09-11,"Moderna",0,0
2024-09-11,"Johnson & Johnson",0,0
2024-09-11,"AstraZeneca",0,0
2024-09-12,"visos",0,0
2024-09-12,"Pfizer-BioNTech",0,0
2024-09-12,"Novavax",0,0
2024-09-12,"Moderna",0,0
2024-09-12,"Johnson & Johnson",0,0
2024-09-12,"AstraZeneca",0,0
